name,"name,baseMean,log2FoldChange,lfcSE,stat,pvalue,padj"
0,"ENSMUSG00000086718,3203.3314161209496,3.56979369860161,0.1400883433413,25.482446386738,3.085815838570519e-143,4.0269896693345294e-139"
1,"ENSMUSG00000003934,4975.18262045206,2.88959917880392,0.128223794941487,22.535592400166898,1.85933934154594e-112,1.2132189203587198e-108"
2,"ENSMUSG00000118128,1721.31291576021,3.6209192647740496,0.16731724254025399,21.641040754678396,7.381820979992608e-104,3.2110921262967793e-100"
3,"ENSMUSG00000085408,10984.1564335048,2.36559834197539,0.113590228348529,20.8257204547298,2.5309127776206294e-96,8.257102936987298e-93"
4,"ENSMUSG00000044211,7463.68412506528,2.4313158434551,0.11721912773031698,20.741630572859897,1.4589531950962497e-95,3.8078678392011986e-92"
5,"ENSMUSG00000097101,5727.35881618277,2.72171199955307,0.1390169908423,19.578268692641803,2.369376349221439e-85,5.1533935595566287e-82"
6,"ENSMUSG00000116534,3204.33200347945,3.04770447705502,0.156846459828014,19.4311333542172,4.209639191249539e-84,7.847970206543778e-81"
7,"ENSMUSG00000021831,1863.1518253134698,3.06644926266546,0.16344234010416198,18.7616578464993,1.5547379404753596e-78,2.53616626540043e-75"
8,"ENSMUSG00000037685,49193.7986139036,1.9982980572376698,0.11128546426978699,17.9565055539799,4.268486475324539e-72,6.189305389220579e-69"
9,"ENSMUSG00000085467,6638.2756468824,2.21378043986689,0.12338852845587499,17.9415417913713,5.588287125230469e-72,7.292714698425758e-69"
10,"ENSMUSG00000021257,5570.341255837211,2.6216837315686297,0.14686089982601802,17.851475339416197,2.81500615839951e-71,3.339620942464879e-68"
11,"ENSMUSG00000086918,7666.87192186246,2.07934840130686,0.11682298714930302,17.7991374133363,7.176573065545999e-71,7.804523208781268e-68"
12,"ENSMUSG00000112136,3383.5266658781297,2.39989109272581,0.13534115400323,17.7321607045595,2.3675794090710096e-70,2.3766854837212797e-67"
13,"ENSMUSG00000025154,740.053063896288,4.4554326692432005,0.251564660207521,17.710884611407,3.4559794555834196e-70,3.221466563954539e-67"
14,"ENSMUSG00000112639,4529.53895067064,2.2177253335791605,0.12541435020906302,17.683186412737104,5.651026472691928e-70,4.916393031241978e-67"
15,"ENSMUSG00000111375,14336.6786709474,2.3443906685205897,0.13352031135674902,17.5583073818385,5.13847349444927e-69,4.191067443910179e-66"
16,"ENSMUSG00000084145,5368.17903129053,2.341609694778,0.13429931507625098,17.435753067307196,4.41702677407011e-68,3.3907176118596988e-65"
17,"ENSMUSG00000096967,3531.5701331134205,2.2331576353151603,0.132988130811981,16.7921574781166,2.7853280883352395e-63,2.0193628640430495e-60"
18,"ENSMUSG00000109829,5449.24998520835,2.251951677793,0.134916128616256,16.6914934551544,1.5114216052210197e-62,1.0381079972702299e-59"
19,"ENSMUSG00000110368,9620.06552203215,2.04739380902067,0.123633417638789,16.560197462165,1.3514978194647097e-61,8.818523272007208e-59"
20,"ENSMUSG00000028255,1546.15133221927,2.85692455797511,0.17311247834295904,16.5032849469994,3.4746519824238094e-61,2.15924801764908e-58"
21,"ENSMUSG00000100801,5065.59921784817,2.06827388084144,0.125745436629171,16.4481028996772,8.653656215191579e-61,5.133191527647729e-58"
22,"ENSMUSG00000109178,2643.1843483861603,2.33122950841354,0.141816720831945,16.4383261348715,1.0168895648444299e-60,5.769742965747729e-58"
23,"ENSMUSG00000094683,1473.66673314883,2.8200550725660096,0.171827732925662,16.41210661719,1.5667359617405096e-60,8.519126791964019e-58"
24,"ENSMUSG00000097156,6295.253643840269,1.9464822649304199,0.120659961544968,16.1319649037431,1.5210321372018297e-58,7.939787756193569e-56"
25,"ENSMUSG00000026679,11727.279548541599,1.84238609743233,0.114225336378181,16.1293996222737,1.5855426489311797e-58,7.958204449443029e-56"
26,"ENSMUSG00000087034,8315.21996550735,1.84479141218703,0.11625785088406698,15.8681017940602,1.0538002175127398e-56,5.0933677179782393e-54"
27,"ENSMUSG00000111981,5796.19903736255,2.05464774912816,0.1297418659668,15.836428232455999,1.7445262522520698e-56,8.130738425674829e-54"
28,"ENSMUSG00000016481,1566.8055345425,2.6690258969296203,0.16911169909716503,15.782621256712199,4.0980960836289395e-56,1.8441432376330197e-53"
29,"ENSMUSG00000019942,5269.18655176871,1.9815764669146698,0.12573139862587,15.7603946871784,5.82679549217347e-56,2.53465603909546e-53"
30,"ENSMUSG00000030617,1006.7008546953,3.43038406854423,0.217999689627867,15.7357291397983,8.605965572948539e-56,3.6228338944186595e-53"
31,"ENSMUSG00000039168,2229.29745985755,2.40149602115916,0.15312311616398097,15.68343226889,1.9635125569347395e-55,8.007449646249469e-53"
32,"ENSMUSG00000095398,2740.66194756802,2.2073956579632203,0.141791501279894,15.567898202910301,1.2029550504854297e-54,4.757140426919659e-52"
33,"ENSMUSG00000089646,730.1094119358811,3.56657489364204,0.2293223313648,15.5526715275209,1.5260506405755697e-54,5.857341429267979e-52"
34,"ENSMUSG00000031492,3795.559798464529,2.04438452653653,0.131794169565793,15.5119496808693,2.87999322838426e-54,1.0738260465832698e-51"
35,"ENSMUSG00000102571,2680.47481471095,2.30840953444891,0.14980849810037802,15.4090693366553,1.4224564334334196e-53,5.1564045711961494e-51"
36,"ENSMUSG00000018796,1854.99690676015,2.5575311113521497,0.16918964887843602,15.1163568711568,1.2634158674508697e-51,4.45610191087402e-49"
37,"ENSMUSG00000091078,1516.86660725693,2.6437094042990097,0.174995610935724,15.107289778085,1.4498124801394998e-51,4.9789612804790595e-49"
38,"ENSMUSG00000105711,864.548397813043,3.29334387447375,0.218091840031822,15.100720292851,1.6017407070694598e-51,5.35967082750166e-49"
39,"ENSMUSG00000095991,4118.626000123871,1.93434503989395,0.128198811088219,15.088634781198099,1.92381780125146e-51,6.27645557658288e-49"
40,"ENSMUSG00000098376,1006.9963966177901,2.95390215047149,0.196131736625643,15.0608065848599,2.9318805824894596e-51,9.33196136621646e-49"
41,"ENSMUSG00000029068,12531.9854379399,1.8348839651114899,0.12324195676563401,14.8884682884485,3.9163920561298595e-50,1.21687896029749e-47"
42,"ENSMUSG00000084755,4761.41400300393,1.8279246525223702,0.12434216169525901,14.7007630203687,6.37374519010082e-49,1.93435755187943e-46"
43,"ENSMUSG00000057766,4368.13857342187,1.84739122864292,0.125796890192006,14.6855079312629,7.98337434901289e-49,2.36779625578678e-46"
44,"ENSMUSG00000042102,9815.58137405384,1.65511124590577,0.11280655191415301,14.672119817697501,9.725843243751038e-49,2.8204945406877997e-46"
45,"ENSMUSG00000056821,1998.8953040628303,2.30297096883161,0.157479816134367,14.6239119740059,1.97706191828814e-48,5.608838702969619e-46"
46,"ENSMUSG00000091784,2723.61940748707,2.19907433226792,0.15212614723234,14.4555973596656,2.31115926376918e-47,6.41715497706124e-45"
47,"ENSMUSG00000098328,743.410180900583,3.1998014809943998,0.22388467218685898,14.292186462518401,2.44801123319473e-46,6.6555305402481605e-44"
48,"ENSMUSG00000086166,13105.905163527701,1.5587782236972703,0.109354671552974,14.2543359287779,4.212907140585769e-46,1.12200894254376e-43"
49,"ENSMUSG00000035394,4395.383064076071,1.80393276795793,0.12693263207764802,14.211733723873401,7.74831929588538e-46,2.0223113362260798e-43"
50,"ENSMUSG00000090965,4401.26704519997,1.79603634826202,0.126470333957719,14.2012461899758,8.99976153211149e-46,2.30288015674618e-43"
51,"ENSMUSG00000104905,11226.672068375401,1.72754257894743,0.12209288343547699,14.1494125647413,1.88323828830895e-45,4.726203781236889e-43"
52,"ENSMUSG00000093176,1728.30407007566,2.2456791838270096,0.160043738620296,14.0316591151054,9.978939449334292e-45,2.4570784870530697e-42"
53,"ENSMUSG00000113792,4249.77715738824,1.9284760578700102,0.13775120677982,13.999703544902301,1.5652227671563702e-44,3.7826216872945694e-42"
54,"ENSMUSG00000103748,5862.06737552657,1.75824239512544,0.125732800190094,13.983959575124302,1.9531220507332697e-44,4.63422595673985e-42"
55,"ENSMUSG00000105523,2162.7157435313698,2.3025505179207597,0.165272437598601,13.9318482342046,4.05718881154408e-44,9.45469892690183e-42"
56,"ENSMUSG00000115161,7257.016534560891,1.63046854790788,0.11706940780067801,13.927366495984199,4.31992345979443e-44,9.89035107900303e-42"
57,"ENSMUSG00000113280,6507.31983425305,1.67268603983688,0.12030793086920401,13.9033730174895,6.04252932650576e-44,1.3595690984637898e-41"
58,"ENSMUSG00000091438,2669.3733914874,1.99927476492763,0.14409615354508498,13.874588014607198,9.03104952816466e-44,1.9975457007211697e-41"
59,"ENSMUSG00000034066,2933.52378878978,2.15555054380633,0.155457807611243,13.865823640050099,1.02047953989213e-43,2.2195429992653698e-41"
60,"ENSMUSG00000028307,10478.011774598599,1.6658718372068402,0.12037123755023699,13.8394509445131,1.47327600988652e-43,3.15184457852771e-41"
61,"ENSMUSG00000117845,1229.7360711972399,2.59295627751504,0.189361121484693,13.693181880128698,1.11516857335698e-42,2.3472499810174997e-40"
62,"ENSMUSG00000099193,743.3292461881371,3.36919413649655,0.24648634244024697,13.6688877085078,1.55757832063946e-42,3.2264122356103092e-40"
63,"ENSMUSG00000114106,5342.7679332906,1.6762383885255803,0.12283220288861599,13.646571087270901,2.11603394343092e-42,4.314725462777109e-40"
64,"ENSMUSG00000117335,2780.67358403115,1.90136253113096,0.139641438833966,13.616033657399399,3.2156362887828e-42,6.45600824132546e-40"
65,"ENSMUSG00000064793,7139.09267340231,1.81654445255013,0.133618587704847,13.594998149230001,4.28771528169879e-42,8.477982488813509e-40"
66,"ENSMUSG00000097766,8635.85274136811,1.5786049255497399,0.11659189875632901,13.5395764404603,9.13139065170912e-42,1.7785768358926e-39"
67,"ENSMUSG00000089908,5854.05709053289,1.6305731809611899,0.121620755077313,13.4070305674772,5.49971298615546e-41,1.04016310825114e-38"
68,"ENSMUSG00000108015,3928.8877932203795,1.79887797060296,0.13416880039746198,13.407572887839502,5.45965085753495e-41,1.04016310825114e-38"
69,"ENSMUSG00000114210,5323.10332770508,1.6200286224104599,0.12117561938418099,13.3692621555681,9.144342067956992e-41,1.70476662838341e-38"
70,"ENSMUSG00000063830,8590.16614420489,1.58270869709901,0.11867496983475301,13.336499678936699,1.4197069823313798e-40,2.60946142527106e-38"
71,"ENSMUSG00000105594,7034.49180103656,1.63141914316381,0.12251802922676401,13.315747514549699,1.8748648901333e-40,3.3981926133666e-38"
72,"ENSMUSG00000071553,2272.50012431097,1.9947588292953402,0.150089871855189,13.2904292917242,2.63064592351235e-40,4.66114427828223e-38"
73,"ENSMUSG00000034321,3749.2586781488103,1.75401195426653,0.131979077622591,13.290075865527198,2.64310097006042e-40,4.66114427828223e-38"
74,"ENSMUSG00000068876,5986.468991647221,1.57711468654803,0.11976545681990301,13.1683602970731,1.33464836151434e-39,2.32228814903495e-37"
75,"ENSMUSG00000085908,5366.58739803031,1.6018399273681498,0.121780451262848,13.153506254552902,1.62462479799191e-39,2.7534225472460196e-37"
76,"ENSMUSG00000105071,2440.3362790687697,1.8943283689662502,0.14403652253853302,13.1517224630266,1.6634146633706998e-39,2.7830206867932897e-37"
77,"ENSMUSG00000082740,3825.31987246641,1.71923547892463,0.130819126865041,13.142080367944,1.88959278881637e-39,3.12141593595616e-37"
78,"ENSMUSG00000105068,3221.84314167851,1.81987600021209,0.138546619445996,13.135477483963198,2.0618673892819603e-39,3.3634211787661996e-37"
79,"ENSMUSG00000044066,1494.6842403908402,2.3094833605920697,0.175883970337939,13.1307211007045,2.1955579603298694e-39,3.5372878249759e-37"
80,"ENSMUSG00000022894,3109.35469310547,1.81052320479367,0.138790853525762,13.0449749302652,6.78793187158715e-39,1.0802745234659998e-36"
81,"ENSMUSG00000049804,1939.8511787375799,2.36919523721691,0.18251210153254396,12.9810309416357,1.5675627096081197e-38,2.46466185064891e-36"
82,"ENSMUSG00000091423,622.146452930855,3.09588514451301,0.239378108927899,12.933033677885302,2.93024363273441e-38,4.5523427865695195e-36"
83,"ENSMUSG00000046753,3814.8830865493,1.6631207557843102,0.129020969069828,12.8903136271144,5.10358387051088e-38,7.83550229531376e-36"
84,"ENSMUSG00000117958,2096.55166169117,2.0819860502922403,0.163069076671054,12.7675098969994,2.48993270577576e-37,3.73489905866365e-35"
85,"ENSMUSG00000035875,6111.09212613725,1.5756392624401998,0.123827950754528,12.7244233053949,4.326573827912979e-37,6.416112324348229e-35"
86,"ENSMUSG00000029769,2258.85970390263,1.90678251490136,0.15020476662129997,12.694553959854,6.3390061526743005e-37,9.294834864314559e-35"
87,"ENSMUSG00000082066,6745.56202074849,1.58384378337966,0.12538835676217402,12.6315060208003,1.4154301932102098e-36,2.05237378015481e-34"
88,"ENSMUSG00000102478,5135.14583807982,1.6966597153463001,0.13466284186272098,12.5993161281709,2.12983128412608e-36,3.05431848987311e-34"
89,"ENSMUSG00000097627,836.421492191895,2.6031770038379602,0.20768197005538397,12.5344390904215,4.83772085750088e-36,6.8622018685202804e-34"
90,"ENSMUSG00000115979,1333.71634707141,2.20309375380655,0.17599724362525304,12.5177741902455,5.9685499051315495e-36,8.37522325397491e-34"
91,"ENSMUSG00000030207,8755.53747651249,1.6124224215908,0.129306376162885,12.469782770492802,1.0912311938903801e-35,1.4990070610809998e-33"
92,"ENSMUSG00000066767,3517.7889019178997,2.1465201150877897,0.172507220703069,12.443074013594599,1.52519107963705e-35,2.0733066238816196e-33"
93,"ENSMUSG00000108503,1292.68745169241,2.26571401833498,0.18375164705309302,12.330305902947,6.22101064086367e-35,8.2841009044154e-33"
94,"ENSMUSG00000090839,5869.4845050999,1.57921169734779,0.128496397126275,12.289929777532,1.02595115243269e-34,1.35239015547945e-32"
95,"ENSMUSG00000102759,1572.28907396056,2.15738026006088,0.17620530628565803,12.2435601148322,1.8187626846087798e-34,2.3734853034144596e-32"
96,"ENSMUSG00000053768,3962.8906685498796,1.6349853644518502,0.134830099587819,12.126263864300801,7.666819228164339e-34,9.438867068636278e-32"
97,"ENSMUSG00000042423,4380.31568421641,1.6288087506044298,0.134400993934329,12.1190231033581,8.375145216696839e-34,1.0214546268962e-31"
98,"ENSMUSG00000053754,4223.532897314471,1.54189400439686,0.127250220603296,12.1170242148635,8.58188660115637e-34,1.03697796430639e-31"
99,"ENSMUSG00000117096,2001.19417916655,1.9372172483586698,0.16014993005272102,12.0962728345929,1.1051596092544698e-33,1.3231498074101698e-31"
100,"ENSMUSG00000088357,915.547888761373,2.41268702758461,0.20228746307200196,11.9270220257093,8.55805293858014e-33,9.883415119333709e-31"
101,"ENSMUSG00000015023,2086.12288496207,1.8346759793475602,0.15392072331376,11.919616409336,9.35382069223409e-33,1.0686851332706e-30"
102,"ENSMUSG00000024691,3549.7696365522206,1.56030935014642,0.130908859487051,11.9190508286473,9.417531825756259e-33,1.0686851332706e-30"
103,"ENSMUSG00000112742,322.18350107002004,4.43085538497128,0.37192611371305706,11.913267774442199,1.0094225628533599e-32,1.1356003832100299e-30"
104,"ENSMUSG00000044037,3019.69233573584,1.99278013878793,0.167685245777979,11.8840517514966,1.4325152975332998e-32,1.59780552417176e-30"
105,"ENSMUSG00000044860,1942.78878629136,1.99650055303866,0.168051925238976,11.8802599268028,1.49900514484973e-32,1.6577980627363502e-30"
106,"ENSMUSG00000088777,4040.9234016342893,1.78015184359821,0.150568814688796,11.822845569167301,2.9743596161822495e-32,3.26179773035113e-30"
107,"ENSMUSG00000079410,1747.8571402846499,2.02721698513471,0.17149764899859696,11.8206692451585,3.05243088623541e-32,3.3195185887810096e-30"
108,"ENSMUSG00000070808,1502.2093641891101,2.16882520113898,0.18406227585314497,11.7831054249779,4.77026081980546e-32,5.06113038198872e-30"
109,"ENSMUSG00000078307,3362.0379467635903,1.7212925594321,0.146417784592141,11.7560347209658,6.57503249675809e-32,6.919691458281699e-30"
110,"ENSMUSG00000097077,3575.6115373679204,1.63902405418315,0.139611815731203,11.7398663257756,7.96121832054147e-32,8.3115119266453e-30"
111,"ENSMUSG00000075707,1295.46611909093,2.1077075652815904,0.18011899479747304,11.7017506546242,1.24850856870113e-31,1.29309816044045e-29"
112,"ENSMUSG00000003355,3957.0504969782896,1.53624064126602,0.13159867081846,11.6736790099138,1.73743682493339e-31,1.7713711379203698e-29"
113,"ENSMUSG00000020309,4811.12407582499,1.6481670325164,0.142359476743238,11.577501338313198,5.3585208631183e-31,5.37913055874568e-29"
114,"ENSMUSG00000036390,481.614102739004,3.15587990170659,0.272688654628346,11.5731984009669,5.6342405481654895e-31,5.612735813248829e-29"
115,"ENSMUSG00000020910,601.565872888451,2.7492555223982102,0.238995100630045,11.5033969949616,1.26823806576804e-30,1.23511244464723e-28"
116,"ENSMUSG00000022861,1845.7327528095898,1.87987031857375,0.164847085628429,11.403721888120199,4.0061795511855996e-30,3.8441649369832402e-28"
117,"ENSMUSG00000054181,1782.16120495531,1.8428377254259198,0.16285035106722,11.3161421719333,1.0917119374157699e-29,1.03237976690404e-27"
118,"ENSMUSG00000088637,1229.67428961988,2.0202978727411,0.178663759073839,11.307821369112402,1.20032976265836e-29,1.1188788144779698e-27"
119,"ENSMUSG00000094925,1239.92559337726,2.0286627537986,0.17946146180389397,11.304169337567401,1.25132666836553e-29,1.1581427675298e-27"
120,"ENSMUSG00000033615,3032.68576671788,1.54083549544963,0.136559644309511,11.2832418628548,1.58784556129479e-29,1.4490478723704197e-27"
121,"ENSMUSG00000098145,669.480087055777,2.55643921897427,0.22672339996291396,11.2755861079731,1.7322116404125498e-29,1.5589904763712899e-27"
122,"ENSMUSG00000041842,556.267745608816,2.82798036150409,0.25164699819966396,11.2378863317904,2.65667046426019e-29,2.37462668209558e-27"
123,"ENSMUSG00000052273,2055.0057709027,1.7309737894975201,0.15406165635411498,11.2355911942089,2.7266251449670195e-29,2.42057538379725e-27"
124,"ENSMUSG00000112496,2578.0773173136104,1.6930722088182801,0.151490289382091,11.176110467041099,5.337852653874071e-29,4.67509913644675e-27"
125,"ENSMUSG00000081263,2589.27590408408,1.7023960727203602,0.1524300905307,11.1683727720249,5.82379872354622e-29,5.06670488948521e-27"
126,"ENSMUSG00000080186,2440.5485038916395,1.8063301478354699,0.16235507220854298,11.125800526362697,9.39586094923146e-29,8.06684114391254e-27"
127,"ENSMUSG00000040312,885.203829400599,2.23330087358449,0.20194727571511897,11.0588313988199,1.98669007523585e-28,1.67266486979534e-26"
128,"ENSMUSG00000087340,3801.28750904576,1.53186033932818,0.13915566255629097,11.008250122114301,3.48710711325593e-28,2.8985189699356595e-26"
129,"ENSMUSG00000061244,246.02845935025798,4.9544790552587,0.450160878538781,11.0060187178879,3.57452878345368e-28,2.95237978633358e-26"
130,"ENSMUSG00000101838,3051.9858908749798,1.5582846851577,0.14221155200423702,10.957511279472401,6.11581082071738e-28,4.9882082006476193e-26"
131,"ENSMUSG00000028223,3146.54633906252,1.51349011326428,0.138858301718047,10.899529192985801,1.1585519591893802e-27,9.27552335424629e-26"
132,"ENSMUSG00000043051,2033.92180952029,1.68271422460348,0.154541833667618,10.8884059718263,1.3091151426200301e-27,1.0417044275116699e-25"
133,"ENSMUSG00000094092,339.801718730292,3.43384650629973,0.31617043753208196,10.860745024434099,1.7729677483614098e-27,1.4022563100676599e-25"
134,"ENSMUSG00000078886,2252.0871261893103,1.69187214145066,0.156087018062725,10.8392879974859,2.24209183095992e-27,1.76260833698957e-25"
135,"ENSMUSG00000118367,4901.87323108274,1.53429322085029,0.142500065057031,10.766965055322899,4.92984591609785e-27,3.7403772793649394e-25"
136,"ENSMUSG00000083621,2645.9574768830703,1.68570483698179,0.15662509412626502,10.7626740554284,5.16493018582757e-27,3.89608895520519e-25"
137,"ENSMUSG00000026365,1688.86246311116,1.78749197543004,0.166098956413513,10.7616087061979,5.22499779211298e-27,3.918748344084729e-25"
138,"ENSMUSG00000032845,2082.70207247572,1.60877341540088,0.150159152003387,10.713788629843801,8.76977655116069e-27,6.429527190598149e-25"
139,"ENSMUSG00000077593,2307.15678042435,1.60582815015369,0.150354329139674,10.6802920763388,1.2587499473258201e-26,9.02565209483625e-25"
140,"ENSMUSG00000065979,2633.2848817071,1.5052144283650202,0.140972269611578,10.677379547852599,1.29886354884251e-26,9.26238760240152e-25"
141,"ENSMUSG00000106354,3514.0870719538,1.5146860548235,0.142010495005189,10.6660148939566,1.4678765584256098e-26,1.0410754938833799e-24"
142,"ENSMUSG00000107567,2013.4479298355398,1.63441159423697,0.15381643395833802,10.6257280329335,2.26239920526898e-26,1.58732847466453e-24"
143,"ENSMUSG00000118477,2767.37199519464,1.7088203713243797,0.16259122565019,10.5099175216309,7.77615254355917e-26,5.36924818483847e-24"
144,"ENSMUSG00000111412,2778.75735416112,1.5479615011975902,0.14738192749740697,10.5030618576,8.362286084059259e-26,5.74357017878807e-24"
145,"ENSMUSG00000090332,280.111183651151,3.83912549716488,0.36656252160297,10.473317022090699,1.14557064169162e-25,7.82706642621758e-24"
146,"ENSMUSG00000098908,2115.4598767738003,1.71113551329439,0.163541304103581,10.463017417365199,1.27722222532563e-25,8.68111981276014e-24"
147,"ENSMUSG00000117371,342.039465963219,3.3198221624479802,0.31731425258586404,10.462253540123099,1.2875632591612198e-25,8.70606245184138e-24"
148,"ENSMUSG00000114162,568.942498679889,2.5257370592271498,0.24209101231073302,10.4330063108054,1.7525397787514e-25,1.1728535442413199e-23"
149,"ENSMUSG00000085788,991.612016800714,1.97632507287521,0.191739095014276,10.3073662297616,6.526541803178778e-25,4.32341982393315e-23"
150,"ENSMUSG00000025630,1218.58519461627,2.282559533675,0.223476920920684,10.2138490376155,1.71907119635115e-24,1.11058807487042e-22"
151,"ENSMUSG00000074113,1446.06826055966,1.75268128664383,0.171792466792534,10.2023174785683,1.93596943075034e-24,1.24444140097108e-22"
152,"ENSMUSG00000096834,1669.22005662977,1.72057279015672,0.168653035648688,10.2018489233763,1.94533368427664e-24,1.24444140097108e-22"
153,"ENSMUSG00000074570,950.85258944645,2.05100634720788,0.20169072465967,10.1690662804089,2.7250834854784e-24,1.72632715948995e-22"
154,"ENSMUSG00000086998,2939.2082515083803,1.5821621600724098,0.155704431481525,10.1613174719446,2.9506202150254903e-24,1.86017361382041e-22"
155,"ENSMUSG00000015944,1903.90073653972,1.56615375423692,0.154730936499742,10.121788115975999,4.422609270672339e-24,2.73531047309355e-22"
156,"ENSMUSG00000115902,965.307643368039,1.95789184138816,0.193910986370008,10.0968587599892,5.7040058063163495e-24,3.5111922534164296e-22"
157,"ENSMUSG00000047657,2135.78664565959,1.6237156534358599,0.16098185905100199,10.0863268880591,6.350135406470049e-24,3.8905759180485495e-22"
158,"ENSMUSG00000035930,809.2602768118761,2.13755596285371,0.211942305265097,10.0855558788985,6.400188862481449e-24,3.90291890913005e-22"
159,"ENSMUSG00000099936,2291.27016812281,1.5603170714213601,0.155195852074485,10.0538580803854,8.83396234882038e-24,5.312590260465709e-22"
160,"ENSMUSG00000028048,475.903802152883,2.63055060009574,0.26183921353691897,10.0464348504654,9.525123323304391e-24,5.70196602610653e-22"
161,"ENSMUSG00000113909,336.83096354072995,3.14292002752771,0.314203356599755,10.0028212987275,1.4811598881407598e-23,8.785971154653169e-22"
162,"ENSMUSG00000080730,1875.2172859828302,1.7209705609353798,0.17213015940351098,9.99807684428529,1.5538528289981196e-23,9.13413487316465e-22"
163,"ENSMUSG00000030472,1149.81731026444,1.89274012356244,0.18938990559189897,9.99388070682584,1.62108198122056e-23,9.48660083180639e-22"
164,"ENSMUSG00000116694,1779.88215089302,1.6103903501993602,0.161839271420799,9.950553633006551,2.5078412018299302e-23,1.44811184441949e-21"
165,"ENSMUSG00000100580,1122.85749346085,1.84161411364885,0.185174835157976,9.94527205642028,2.64450437505275e-23,1.5202987706801098e-21"
166,"ENSMUSG00000102808,1712.39650606138,1.60656124439239,0.161903622320749,9.92294811792179,3.3083710463043197e-23,1.88533808533936e-21"
167,"ENSMUSG00000030785,672.956204389506,2.3902759468759904,0.24184984469058898,9.88330569297653,4.9183109512532897e-23,2.7785263166171196e-21"
168,"ENSMUSG00000104016,246.030652022401,3.73315921623061,0.37817955190925,9.87139362079111,5.53896315265891e-23,3.10229481296991e-21"
169,"ENSMUSG00000074482,770.0331973084931,2.11337015511263,0.21563970220706602,9.80046871463069,1.12064414946375e-22,6.1706355065408995e-21"
170,"ENSMUSG00000102728,2000.3268284690803,1.5620337277865202,0.159975981525445,9.76417655257875,1.60409782704811e-22,8.79557842141924e-21"
171,"ENSMUSG00000033987,1222.5770275393902,1.74779866877672,0.17911362733463002,9.75804406836885,1.70409991821154e-22,9.30481336094587e-21"
172,"ENSMUSG00000056257,1282.7452535547,1.82008182019152,0.18763593420892605,9.700070660052381,3.01289905484028e-22,1.63146608571227e-20"
173,"ENSMUSG00000104546,1384.77185918011,1.6398111233013302,0.16960132944828102,9.668621871277189,4.09859929242375e-22,2.20109962000535e-20"
174,"ENSMUSG00000083798,2173.6413026982,1.6141659856939798,0.167123963486038,9.658495119575301,4.52461432070627e-22,2.4199269215252796e-20"
175,"ENSMUSG00000002748,994.6719288491839,1.9806731773664201,0.20521158351126603,9.651858552408099,4.827278811389669e-22,2.5608125401884197e-20"
176,"ENSMUSG00000081758,1435.05682527974,1.6547437559850902,0.17265764920635096,9.583958565354019,9.339507947367449e-22,4.8948023579576396e-20"
177,"ENSMUSG00000033488,685.149081211541,2.34735614243381,0.245674747404273,9.55473107120406,1.23905302560074e-21,6.41652459686099e-20"
178,"ENSMUSG00000108095,1508.9921197482502,1.57842730536466,0.16544338352324803,9.5405888815303,1.4202353413545e-21,7.32571984374557e-20"
179,"ENSMUSG00000101823,1632.2914374166198,1.5748451816222502,0.16540404847999501,9.52120093851706,1.71189125280105e-21,8.795346790966e-20"
180,"ENSMUSG00000020491,1261.20733753629,1.69548795333228,0.178096454261675,9.520054514061961,1.73088238772466e-21,8.85804516070856e-20"
181,"ENSMUSG00000051900,1061.57264991127,1.8242206248879498,0.19188183850878499,9.50699992800221,1.96240336860459e-21,9.96473305847858e-20"
182,"ENSMUSG00000093622,680.1343326007,2.10748454674319,0.222617063065574,9.46685989708886,2.8838248780235998e-21,1.4586788627212398e-19"
183,"ENSMUSG00000021835,940.9138347957651,1.8549963002893999,0.19709121170762503,9.411867146269259,4.874005039883449e-21,2.4184701813870395e-19"
184,"ENSMUSG00000089343,1046.6796662516301,1.7709161964696598,0.18847230456914998,9.39616141755152,5.659000007462399e-21,2.7763139134355e-19"
185,"ENSMUSG00000021101,744.336083852882,2.0343288913606297,0.21657711813159,9.39309244167053,5.826396664425279e-21,2.8477332011516797e-19"
186,"ENSMUSG00000073684,1453.01785643988,1.5811127831691,0.16869060297649,9.37285631369431,7.05956952691357e-21,3.41212527134156e-19"
187,"ENSMUSG00000086291,1156.24042340934,1.69053136597356,0.18058336685802698,9.36150098088848,7.861186719742108e-21,3.78555301448836e-19"
188,"ENSMUSG00000028755,3092.65507849678,1.5350166546049602,0.164196201517154,9.34867335798018,8.87539302028134e-21,4.25823084245116e-19"
189,"ENSMUSG00000088960,1200.62430098623,1.6750630625802099,0.17922433028902804,9.34618117907818,9.086946340464108e-21,4.3279069249290794e-19"
190,"ENSMUSG00000101526,1213.0904397819802,1.7037009187382501,0.18234034648987302,9.34352134091657,9.31823436449432e-21,4.42192576206003e-19"
191,"ENSMUSG00000092539,550.267621762809,2.28857822287011,0.245821615552195,9.30991449929749,1.2793529528299399e-20,6.049114505228529e-19"
192,"ENSMUSG00000088575,1204.14119486114,1.67642963229388,0.180513667241305,9.28699559381774,1.58704800982025e-20,7.44999155689002e-19"
193,"ENSMUSG00000003379,887.375562258418,1.87463283646833,0.20244531427415402,9.25994678212048,2.04534129662337e-20,9.49882701812634e-19"
194,"ENSMUSG00000033538,1421.60225503397,1.6223062172523701,0.17548428841102,9.244737702400991,2.3581838144064398e-20,1.0874310522262899e-18"
195,"ENSMUSG00000034563,1531.5216751979099,1.50187901923078,0.163849802325878,9.16619365975018,4.90016160940626e-20,2.17507173478747e-18"
196,"ENSMUSG00000077420,1584.5121624795902,1.5653349057158898,0.171257677853362,9.14023199039398,6.23184993808027e-20,2.7382370940049698e-18"
197,"ENSMUSG00000020902,458.02304739217993,2.42442137883801,0.267702212106923,9.056411449710689,1.3481280026893e-19,5.730641835535939e-18"
198,"ENSMUSG00000103230,1753.6987573940698,1.53318108394712,0.170109457787935,9.01290912265699,2.0066154117150396e-19,8.393054847077319e-18"
199,"ENSMUSG00000100255,529.659717570867,2.2574557823036,0.251973897561918,8.95908585828371,3.2738115601344894e-19,1.3392865473277498e-17"
200,"ENSMUSG00000026499,1531.6989766980498,1.59089911962118,0.180491049492332,8.814282614544599,1.20453853000859e-18,4.8366854820344796e-17"
201,"ENSMUSG00000085078,560.491106745146,2.1117361711902203,0.241262602379723,8.75285332397502,2.0802498594367897e-18,8.12792235498506e-17"
202,"ENSMUSG00000090192,816.5091004213789,1.78769808318803,0.205444634456159,8.70160512062204,3.2722247692895197e-18,1.26338855737362e-16"
203,"ENSMUSG00000074582,1165.29070954202,1.56186773775168,0.179917399070173,8.68102665903091,3.9221219668214496e-18,1.5009880254258e-16"
204,"ENSMUSG00000032118,774.4994721930819,1.9031274995444798,0.220076885397886,8.6475574029673,5.26134381768929e-18,1.98440857863715e-16"
205,"ENSMUSG00000038567,543.342628823871,2.1566403470536204,0.24967470562743,8.637800700050889,5.73054730200413e-18,2.1551481928286398e-16"
206,"ENSMUSG00000092216,935.9388696937281,1.8669082052561203,0.217687501933483,8.57609274154184,9.815041671034119e-18,3.63881516497145e-16"
207,"ENSMUSG00000086502,947.216921120203,1.7173638030208,0.20091560576641102,8.54768745548543,1.2557922751055098e-17,4.616363152148429e-16"
208,"ENSMUSG00000024576,517.726426556182,2.2212668286028703,0.262666488197904,8.4566053471171,2.7527358073340995e-17,9.89619897677961e-16"
209,"ENSMUSG00000032412,1379.84083241049,1.56066251037029,0.184732176519666,8.448244045910139,2.95716728682588e-17,1.0515267872773199e-15"
210,"ENSMUSG00000085205,892.609893804231,1.71695129781212,0.20654908302532798,8.31255831623117,9.366059858572709e-17,3.1397007887843898e-15"
211,"ENSMUSG00000030792,700.3825789963341,1.82629491551478,0.22033807810122102,8.28860327390077,1.1458604667410602e-16,3.80495651169741e-15"
212,"ENSMUSG00000023055,1445.6216849409197,1.60679994625052,0.19498328123015699,8.24070626011193,1.71197059120312e-16,5.58530405380016e-15"
213,"ENSMUSG00000059040,478.182955839746,2.1183341668134297,0.260198301898963,8.1412297903312,3.9128296175846703e-16,1.2333919446734301e-14"
214,"ENSMUSG00000083917,276.63339090577006,2.8011711280954397,0.344210772439258,8.13795311589138,4.0201645153790595e-16,1.26417221507703e-14"
215,"ENSMUSG00000114656,125.143405545469,5.56234134917717,0.683767906461921,8.13483829324319,4.12488567322284e-16,1.2939845681624502e-14"
216,"ENSMUSG00000088332,182.345579064849,4.31197074358474,0.5304671733915479,8.12862880094183,4.3417362778120293e-16,1.3554942207044701e-14"
217,"ENSMUSG00000104437,705.089363879675,1.8073473521588002,0.22472245713789502,8.04257560716225,8.796957561529551e-16,2.66977432972001e-14"
218,"ENSMUSG00000117596,531.693923894887,1.95630053731064,0.245158489061466,7.9797381065607595,1.46644101019783e-15,4.33946829548338e-14"
219,"ENSMUSG00000041112,684.625697773531,1.7505101840276498,0.22354730770426,7.8306028464609,4.85536167003669e-15,1.35679806839355e-13"
220,"ENSMUSG00000051246,219.446638198646,3.0470482164843196,0.390204407054758,7.8088513645534405,5.7711510073761206e-15,1.5956254374207298e-13"
221,"ENSMUSG00000103146,197.562795907305,3.3387990366498195,0.4294513475877871,7.77456877339828,7.57048525971761e-15,2.0798912134592601e-13"
222,"ENSMUSG00000097677,307.2402450593,2.46311739684666,0.318077065531751,7.7437755304014,9.65073247340459e-15,2.61833802033118e-13"
223,"ENSMUSG00000020785,971.833697549666,1.5350874387045201,0.2020427142193,7.5978361537863695,3.0112324212855203e-14,7.75080534472899e-13"
224,"ENSMUSG00000025162,362.21422737885905,2.27409579602994,0.302840649023699,7.50921583136609,5.94825875245602e-14,1.5033474550981498e-12"
225,"ENSMUSG00000106334,282.634003513494,2.62141379786688,0.351490934162974,7.4579840988201,8.7856269626912e-14,2.16734275733686e-12"
226,"ENSMUSG00000016554,180.102093844153,3.28964782178222,0.442075617562931,7.4413690578941,9.96471258950519e-14,2.44895478894619e-12"
227,"ENSMUSG00000039197,617.785671955524,1.7356207231943301,0.23512217914947198,7.38178222689474,1.56184515174543e-13,3.77445911671812e-12"
228,"ENSMUSG00000106359,581.903132377764,1.7293593616888001,0.23489722880541297,7.36219567375736,1.8090951943520396e-13,4.29248950659894e-12"
229,"ENSMUSG00000080455,684.906173981297,1.61603454452364,0.22100300962195102,7.31227392463134,2.62658963941337e-13,6.088276162405759e-12"
230,"ENSMUSG00000082610,142.809783078557,3.9545196661207904,0.543556582161672,7.27526773826203,3.4573405675495696e-13,7.929401477420361e-12"
231,"ENSMUSG00000028078,816.527563533394,1.5016580832829898,0.20762612926730603,7.23251013050333,4.741472599069571e-13,1.06316524772952e-11"
232,"ENSMUSG00000084873,659.275280022841,1.6043013641682602,0.22284032997464898,7.19933130753654,6.050856484934859e-13,1.34980644663932e-11"
233,"ENSMUSG00000099361,661.513278318934,1.61700499857815,0.224925969422741,7.18905425962196,6.524164493784699e-13,1.4504317997255599e-11"
234,"ENSMUSG00000084407,239.32737801772302,2.7028330784983794,0.378045229527025,7.14949658769644,8.709671343712349e-13,1.89435351725744e-11"
235,"ENSMUSG00000022303,523.704394281996,1.76051688316104,0.24994278322876998,7.043679599061099,1.87228398789501e-12,3.94722230081258e-11"
236,"ENSMUSG00000107021,390.08586513719496,2.00138089619334,0.28456716488912204,7.03307037188621,2.02037400049462e-12,4.24571347930028e-11"
237,"ENSMUSG00000031828,292.82191203876596,2.2777121158759304,0.324988557180435,7.008591735158651,2.40728765816746e-12,5.02016483486774e-11"
238,"ENSMUSG00000041219,6782.0197543819895,2.45309081866231,0.35057125233767705,6.99741009082927,2.60737273643015e-12,5.4009863826053e-11"
239,"ENSMUSG00000065934,548.065671017375,1.69808582246986,0.242840684790637,6.992591970055809,2.69853494092398e-12,5.5809637050804997e-11"
240,"ENSMUSG00000042178,689.191348948535,1.55910797690631,0.22349677510920699,6.975975273667751,3.0375615295848197e-12,6.22294787458115e-11"
241,"ENSMUSG00000085327,129.853456295385,8.02351447968206,1.15031261306145,6.975073026738559,3.0571197514890698e-12,6.25319949168219e-11"
242,"ENSMUSG00000104306,579.19797017704,1.62421935647472,0.23534841537865098,6.901339674888071,5.15143890844142e-12,1.03744255795001e-10"
243,"ENSMUSG00000091723,289.383001160004,2.3785343499181297,0.34497530201396803,6.89479605070922,5.39421362479759e-12,1.0846608290232399e-10"
244,"ENSMUSG00000070871,604.851482738379,1.61258301807996,0.23430076339789302,6.882534203874751,5.87970411652887e-12,1.17684261841567e-10"
245,"ENSMUSG00000114981,687.888389127943,1.5620127167137399,0.22766400093635297,6.86104395200549,6.83591252269421e-12,1.3598880856884102e-10"
246,"ENSMUSG00000110303,342.85157295624197,2.06453255432175,0.30357710005360605,6.80068606610049,1.04122095347771e-11,2.0402302466793e-10"
247,"ENSMUSG00000063129,369.006196211309,2.11183143012401,0.31265020131599797,6.75461401027393,1.43216013391821e-11,2.7565914082054e-10"
248,"ENSMUSG00000029563,412.76427726162996,1.9387020006668703,0.287196440378981,6.7504388219735,1.4739866302139e-11,2.83291981211951e-10"
249,"ENSMUSG00000118196,378.167090859281,2.09534669458068,0.31090761968995,6.739451084120231,1.58986106950703e-11,3.04665006711701e-10"
250,"ENSMUSG00000002104,180.354587368833,2.76132832180387,0.411306464212868,6.71355439815009,1.89939760699849e-11,3.61328553517934e-10"
251,"ENSMUSG00000046085,586.9356568477599,1.59128322490616,0.238123457387832,6.682597516272559,2.347436503468e-11,4.4332918046682106e-10"
252,"ENSMUSG00000026616,77.1273531569507,4.78920163533094,0.7271877098897209,6.58592213564394,4.52070708676376e-11,8.19378159475932e-10"
253,"ENSMUSG00000025777,362.766240227018,2.4827456093648,0.37868723688821504,6.55619035319558,5.51997624748306e-11,9.88143896154376e-10"
254,"ENSMUSG00000086986,336.603308676284,2.0282380834013503,0.311112725889988,6.519302859113999,7.063490700637491e-11,1.24734172724383e-09"
255,"ENSMUSG00000032120,312.948615641599,2.00807536580205,0.31097934482833395,6.45726283496591,1.0661364368775e-10,1.8427921193710397e-09"
256,"ENSMUSG00000023935,231.130737226643,2.2403456490337597,0.359381356411946,6.233895022828441,4.54978035533979e-10,7.30315296890336e-09"
257,"ENSMUSG00000093236,201.00379982626,2.51889840002884,0.404211364135125,6.23163677107007,4.6158674317478e-10,7.40013144770379e-09"
258,"ENSMUSG00000049502,337.837966680784,1.8335256965148499,0.297608514892889,6.16086437303298,7.23489370124068e-10,1.1375344915806101e-08"
259,"ENSMUSG00000097408,181.09935075879102,2.5548676060920696,0.41701643220219103,6.12653940901144,8.981096956650971e-10,1.3870214826543799e-08"
260,"ENSMUSG00000011382,416.97276048147,1.65000634172825,0.27011691508323604,6.10848950803323,1.00578470362532e-09,1.54599415574917e-08"
261,"ENSMUSG00000084642,625.744109739788,1.5059880700739599,0.247942425222627,6.073942645038401,1.24807320787211e-09,1.89608327854844e-08"
262,"ENSMUSG00000085750,345.070648741669,2.36491669067937,0.39042592259514397,6.05727374596408,1.38447870844249e-09,2.09356282099356e-08"
263,"ENSMUSG00000084965,124.876317750954,2.99000155863416,0.49462759400066597,6.04495502252576,1.49451688452181e-09,2.2392015319184502e-08"
264,"ENSMUSG00000114267,63.4514794070679,5.0680200290002695,0.851571131778241,5.9513760388017,2.6589737303883198e-09,3.84696310216936e-08"
265,"ENSMUSG00000024273,176.391213884847,2.4138133526807497,0.40645361439108296,5.93871789354596,2.87259676538595e-09,4.12856693703598e-08"
266,"ENSMUSG00000103030,335.12248740883,1.8007638941547,0.30348244210933,5.93366746899308,2.96241530486615e-09,4.2529724673821005e-08"
267,"ENSMUSG00000071104,719.5824342244881,1.59318814731417,0.26935147481714,5.914904116993481,3.3206896908752697e-09,4.74644035771328e-08"
268,"ENSMUSG00000024241,140.309977129961,3.01159153642638,0.5196891532283879,5.79498632541764,6.832674817471489e-09,9.455610431389491e-08"
269,"ENSMUSG00000015575,165.17513954619,2.4200366385983703,0.4201950568537571,5.7593172483241,8.44548405990833e-09,1.1552784798931198e-07"
270,"ENSMUSG00000033502,229.37422802767503,2.02360178922783,0.35563410517550903,5.69012296565077,1.2694792029628899e-08,1.69567078799035e-07"
271,"ENSMUSG00000090254,53.2350232040596,5.147915094101941,0.914203899789053,5.631036025212519,1.79130302269093e-08,2.33999043504671e-07"
272,"ENSMUSG00000088820,78.6064746113164,3.6400516690184803,0.663055946966951,5.489810755290481,4.02364616152908e-08,4.967699376343851e-07"
273,"ENSMUSG00000087202,304.765530387,1.70663447747526,0.31107167103794897,5.48630632863722,4.10424932832505e-08,5.057644356434551e-07"
274,"ENSMUSG00000095766,93.2862290128472,3.2781065359764905,0.599695376812545,5.46628615581469,4.5956223774271295e-08,5.61543745556405e-07"
275,"ENSMUSG00000099098,437.166496859927,1.5770640814570303,0.292728700235695,5.38745972016831,7.1460483869398e-08,8.43945080991533e-07"
276,"ENSMUSG00000103389,50.51066445544971,6.26635650397588,1.16650108352623,5.37192514646729,7.79004475467975e-08,9.133879968425051e-07"
277,"ENSMUSG00000082530,127.12013909181101,2.67999832836239,0.49988085555512396,5.361274188798889,8.26369757528638e-08,9.62009396587754e-07"
278,"ENSMUSG00000115326,120.167605401248,2.65563578169718,0.495779796204774,5.35648245859601,8.485773432343649e-08,9.85225474128867e-07"
279,"ENSMUSG00000043889,54.4779339554173,6.78894025995453,1.27194528536302,5.337446773912849,9.426456204012231e-08,1.0886305616138001e-06"
280,"ENSMUSG00000029440,306.775037781424,1.63719286569057,0.30908568531247,5.2968899676976395,1.17791624323824e-07,1.3401749759598102e-06"
281,"ENSMUSG00000034022,124.150910298122,2.5035192358612597,0.482875261539011,5.184608604470821,2.1646897563856802e-07,2.3659297588637502e-06"
282,"ENSMUSG00000105328,63.69112751103721,3.64023349599589,0.7065686101091391,5.151988701328821,2.57738567705622e-07,2.78665145696633e-06"
283,"ENSMUSG00000100642,257.781476539808,1.7151230112693,0.334935283155211,5.12075943481445,3.0430764680335997e-07,3.25776438948634e-06"
284,"ENSMUSG00000104706,67.9237451177727,3.48780009062576,0.6884535843370971,5.066136875420749,4.05970056413456e-07,4.24852384618733e-06"
285,"ENSMUSG00000038009,297.319081248894,1.60489143096879,0.317635695466735,5.052616736322901,4.35797833218598e-07,4.53883617198939e-06"
286,"ENSMUSG00000042408,134.857204777992,2.4104760446432296,0.48011681953935703,5.020603208519,5.150946543584779e-07,5.2756977490929e-06"
287,"ENSMUSG00000086443,116.187957491194,2.51697700497082,0.506649266220081,4.96788838509337,6.768590012263471e-07,6.76859001226347e-06"
288,"ENSMUSG00000004319,306.999436386986,1.52408413016005,0.308618937209661,4.938401200975759,7.87656664273045e-07,7.82261755613641e-06"
289,"ENSMUSG00000091587,212.204924880347,1.81839099234377,0.3722261880751879,4.885177482398059,1.03335727244438e-06,1.0078708823168301e-05"
290,"ENSMUSG00000028933,168.154281688525,2.0078120172714,0.41139324301243796,4.8805177318157895,1.05807699520835e-06,1.02813885238041e-05"
291,"ENSMUSG00000099804,230.091724595577,1.83456914900093,0.377015835867623,4.8660267672286395,1.13864103150009e-06,1.0974346721622e-05"
292,"ENSMUSG00000099146,150.513829706399,2.10647083371555,0.43374237112674197,4.85650232474066,1.19477379390388e-06,1.1456133732877001e-05"
293,"ENSMUSG00000072487,216.230190176365,1.7584283040491,0.364196689506634,4.82823802278705,1.37746392325046e-06,1.30733848715771e-05"
294,"ENSMUSG00000042444,254.29757776636902,1.6310464559698798,0.33800683233969303,4.825483688243,1.3966389599891198e-06,1.32457401365247e-05"
295,"ENSMUSG00000112064,188.080772217332,1.88148328346731,0.390293596130305,4.82068704719192,1.43064643000223e-06,1.35191425861905e-05"
296,"ENSMUSG00000020917,177.91134547636798,1.98794290071515,0.42107536095879206,4.7211095329553,2.345615732078e-06,2.13770928198138e-05"
297,"ENSMUSG00000028885,238.580972032764,1.5832260097971698,0.34590475029765,4.577057725963019,4.71561367690885e-06,4.0247716470674e-05"
298,"ENSMUSG00000107994,194.069022329267,1.7500695689587802,0.382707254664031,4.572867505464759,4.810943783604161e-06,4.09275204537382e-05"
299,"ENSMUSG00000078143,240.322423150343,1.5770232397514798,0.345474597201658,4.564802311155019,4.99965250402091e-06,4.2394714215382e-05"
300,"ENSMUSG00000113901,107.70053269538201,2.8005591806507404,0.617068805830528,4.53848769244038,5.66591020647377e-06,4.76725520273906e-05"
301,"ENSMUSG00000106209,152.997116787934,1.94245019226786,0.42861865630742796,4.53188437713413,5.8459846631233496e-06,4.8998137349877796e-05"
302,"ENSMUSG00000110020,35.5677974742314,6.339095746721259,1.4008061600316,4.52531972487775,6.0304267465137e-06,5.0382246505764294e-05"
303,"ENSMUSG00000031796,227.882836631853,1.63805767950018,0.36207860905281497,4.524038809653191,6.06705918489163e-06,5.06558684343159e-05"
304,"ENSMUSG00000093926,88.8220742219799,2.55915309979978,0.568212985990749,4.5038623947278795,6.6729423392563906e-06,5.5219973067403896e-05"
305,"ENSMUSG00000021290,250.01647841691602,1.5052990437375302,0.340976731034232,4.414667942799911,1.01165153396535e-05,8.104390741711359e-05"
306,"ENSMUSG00000109901,156.494069409105,1.87259551219371,0.42448811536610104,4.4114203540862,1.02694729433274e-05,8.21180281313864e-05"
307,"ENSMUSG00000040891,213.978813731086,1.61237030974948,0.366058104227411,4.40468409558228,1.0593814288883199e-05,8.43497720987953e-05"
308,"ENSMUSG00000097929,161.956429710816,1.8501238988479,0.4235415652729121,4.36822274492884,1.2526170481283699e-05,9.82961664346073e-05"
309,"ENSMUSG00000097589,77.8805772849485,2.59720014639402,0.606207524015016,4.28434165447555,1.83281085860019e-05,0.000138335348205509"
310,"ENSMUSG00000032611,77.1156582519275,2.6256019282354903,0.6358182324546321,4.12948511730958,3.6357653553396295e-05,0.000262136673409846"
311,"ENSMUSG00000109419,167.170719709327,1.8801748228205402,0.459768446000713,4.08939508392802,4.3249963853275105e-05,0.000306745667546326"
312,"ENSMUSG00000018819,149.542971098609,1.80361407934809,0.446009777635368,4.04388910241026,5.25717930626964e-05,0.000367074317532471"
313,"ENSMUSG00000078289,78.1259436051978,2.6409794391337997,0.653739477326581,4.03980412798978,5.34958588844133e-05,0.00037252986042774503"
314,"ENSMUSG00000048581,120.655228035407,1.9326839870487902,0.48060381885783793,4.0213662713747,5.78615535178395e-05,0.000400579985892735"
315,"ENSMUSG00000092257,209.473071442726,1.5024229426227,0.37362578635149,4.0211971376335605,5.790312026250861e-05,0.000400655206482363"
316,"ENSMUSG00000071713,49.2649662240271,3.35532435606039,0.836717054640645,4.010106328598069,6.0691411019223206e-05,0.000415978421113898"
317,"ENSMUSG00000097222,64.1726473197002,2.70121436470362,0.676684679428249,3.9918361488337006,6.55636687524534e-05,0.00044679158079348095"
318,"ENSMUSG00000037573,104.99245488387,2.05281357711234,0.514480640961984,3.9900696229773702,6.605390308294809e-05,0.00044966272051772196"
319,"ENSMUSG00000030067,147.292206802934,1.73254587020646,0.43437734812034706,3.98857324789977,6.64718788292516e-05,0.00045203648708792805"
320,"ENSMUSG00000006958,183.13245505966998,1.54044709768247,0.392174807883726,3.9279603552178903,8.56693284492058e-05,0.000569238664084591"
321,"ENSMUSG00000056214,125.63325851366699,1.84712976691968,0.4757409432739171,3.88263779486424,0.000103329426635486,0.000674561789691393"
322,"ENSMUSG00000106153,116.92234394498101,1.89866279731172,0.48917149027059004,3.8813848212238597,0.000103863340149089,0.000677286377913238"
323,"ENSMUSG00000003360,82.599883176405,2.1782436188976697,0.580327502110609,3.75347301476418,0.00017440131480531398,0.00108120530081204"
324,"ENSMUSG00000056076,151.74348204369,1.6260920666573602,0.43364340707385296,3.7498369400562,0.00017694959402884098,0.00109544222109885"
325,"ENSMUSG00000102000,42.2993642184267,3.14154860443603,0.8385685648517058,3.74632288415388,0.00017944559546084098,0.00110879025604355"
326,"ENSMUSG00000092851,125.66215136528999,1.80682536869237,0.491671350276452,3.67486404826404,0.00023797609933613598,0.0014285133837794802"
327,"ENSMUSG00000065806,151.270721759519,1.55913275526302,0.42723283443030896,3.6493748364215497,0.000262879285765996,0.00156361653566374"
328,"ENSMUSG00000026170,118.180652426892,1.78665125628324,0.490332737121795,3.64375274384228,0.000268691550672191,0.00159600579711975"
329,"ENSMUSG00000001622,136.32919859209,1.63727870166377,0.450010573235264,3.63831162875325,0.00027443124166537,0.0016256594206686698"
330,"ENSMUSG00000048232,38.0422737807307,3.7885883926963504,1.0527600647617499,3.59871970785076,0.00031978762270597796,0.0018655469272744801"
331,"ENSMUSG00000019977,186.131027361981,1.52830323282579,0.43118598768175603,3.54441766775078,0.000393481375382315,0.00223355021693746"
332,"ENSMUSG00000058921,44.030791528250894,2.7281978837115597,0.8029852238132629,3.39756922394628,0.000679873846099484,0.00361105156353206"
333,"ENSMUSG00000088993,129.36224990007,1.57123914769057,0.463296628496978,3.3914322942257797,0.000695283393967135,0.00368015238395366"
334,"ENSMUSG00000108655,79.84568639957459,2.07223023063566,0.6132260047334119,3.3792275843496205,0.000726898068005433,0.00382809515232885"
335,"ENSMUSG00000009112,113.969853824751,1.6373756397438797,0.49059894834710704,3.3375033624927504,0.000845346990109666,0.00438988389213336"
336,"ENSMUSG00000066366,77.1491329467537,2.03484251638513,0.6191118432250451,3.2867123099847997,0.00101364331580856,0.00514910286932727"
337,"ENSMUSG00000028039,4928.8223637170595,1.7877404412684097,0.5706618845116109,3.13274898813052,0.00173177474069947,0.00823302745578435"
338,"ENSMUSG00000028614,103.990026514641,1.5938065935797399,0.510770399898779,3.12039733292216,0.0018060724353884399,0.00853958162384752"
339,"ENSMUSG00000061353,65.6897115392811,2.02944679191039,0.653386758979741,3.1060421167385797,0.00189609707477415,0.008886566097244279"
340,"ENSMUSG00000069713,107.729303491475,1.54697814254122,0.511281579850727,3.02568722110597,0.00248068772548819,0.0111707987638443"
341,"ENSMUSG00000061313,35.8215158468459,2.6060344278852203,0.8852974499369951,2.94368229352823,0.0032433275454568197,0.0139733986359233"
342,"ENSMUSG00000032400,56.7281343734983,2.0459039810368003,0.6974023361776022,2.9336064347736603,0.0033504875638707,0.0143781199304547"
343,"ENSMUSG00000035181,65.4338688697038,1.85314395349475,0.641594262148087,2.8883424662969,0.00387277965185684,0.0162038391974132"
344,"ENSMUSG00000109059,110.43788299348302,1.5092018370027598,0.522798662148197,2.88677448178884,0.0038921309353826604,0.0162639477126941"
345,"ENSMUSG00000006218,84.0813598912233,1.62195963694934,0.5688478593815179,2.85130656677309,0.00435399685421467,0.017873437857031004"
346,"ENSMUSG00000069833,77.8723279577001,1.66403108450098,0.5895282981260389,2.8226483610549598,0.0047628779337873395,0.0193149648961854"
347,"ENSMUSG00000098385,72.40773180072121,1.71833050235825,0.6131160777418461,2.8026185656181095,0.00506895804947546,0.0203726216648151"
348,"ENSMUSG00000051675,50.0061842948649,2.05434876516912,0.734490788743695,2.79697008683113,0.00515843089263685,0.0206368863117446"
349,"ENSMUSG00000064340,32.5926652300869,2.47765516195544,0.917610477396606,2.7001164687928503,0.00693152056032183,0.0265680198849102"
350,"ENSMUSG00000021178,31.838003181072697,2.5897613321735498,0.9625137895215391,2.6906225763902096,0.00713188295696743,0.0271978587341978"
351,"ENSMUSG00000108520,46.5379252614188,2.15832641324887,0.8039523650734849,2.6846446468897303,0.00726069576477625,0.0276567658290514"
352,"ENSMUSG00000024687,51.7488284531364,1.93910847084566,0.7231260640390308,2.68156351606903,0.0073279002037542,0.0278744592551581"
353,"ENSMUSG00000110816,88.33351005311701,1.58406330562509,0.592170594974287,2.6750117602409302,0.00747266288350763,0.0283071845079172"
354,"ENSMUSG00000105506,31.0980807649021,2.63034265367516,0.9920108235800579,2.6515261639812997,0.008012890452458829,0.0299794209875538"
355,"ENSMUSG00000065395,75.13327519441859,1.57339700582351,0.596836678722107,2.63622706498589,0.00838336120643325,0.0311422897079288"
356,"ENSMUSG00000016028,56.23425570919311,1.86210688773458,0.711969418199638,2.61543100045407,0.00891149246957967,0.0326434569126341"
357,"ENSMUSG00000022386,60.943811171993104,1.73315956340325,0.663611472115443,2.61170826037459,0.00900910971419356,0.0329140206523589"
358,"ENSMUSG00000088412,31.839261831964603,2.51954129879714,0.966545491236611,2.6067487993489102,0.009140639086316021,0.0332734560882634"
359,"ENSMUSG00000087496,79.36019468629709,1.50811290477101,0.588415251590617,2.56300784300584,0.0103769704362711,0.0369796461478256"
360,"ENSMUSG00000001833,49.024751918559296,1.93805752904052,0.7583383991968149,2.55566318558204,0.0105985652235979,0.037605023427937"
361,"ENSMUSG00000044081,32.5907630599329,2.3028303870689104,0.924302441430619,2.4914251914174597,0.0127231757219311,0.0437946342091269"
362,"ENSMUSG00000019312,61.697877862613296,1.6593205122035102,0.673527062781521,2.4636285665358097,0.0137538558878024,0.0466323251067346"
363,"ENSMUSG00000047641,42.2881727773325,2.1882403326283897,0.888448856457402,2.4629896439439105,0.0137783895506232,0.0466912447768459"
364,"ENSMUSG00000110866,55.5017170835958,2.02066514552414,0.8277279943016159,2.44121880549546,0.0146377829084885,0.048967717753339"
365,"ENSMUSG00000065873,35.3030817296329,2.8027401534286405,1.1515549467954098,2.43387444188244,0.0149381758506688,0.0497177237570078"
366,"ENSMUSG00000041605,48.2658297868467,1.76544622467781,0.7480580706250791,2.36003900499676,0.0182730136644221,0.0584897788375542"
367,"ENSMUSG00000038047,26.8678782853053,2.3044623805607998,1.00817960869997,2.28576571146123,0.0222679686466013,0.068894497590836"
368,"ENSMUSG00000118152,48.021588352648294,5.91487344490451,2.662002354276,2.22196401720058,0.02628573743914,0.0789297914359819"
369,"ENSMUSG00000046138,53.241180154474705,1.5615341507696798,0.724188706090421,2.15625311142965,0.0310639063823119,0.0900053237764587"
370,"ENSMUSG00000049577,34.8380815590415,1.92484856769792,0.900961751118346,2.13643760715552,0.0326437614751638,0.0935854761095975"
371,"ENSMUSG00000040022,25.6218151085067,2.18491102684673,1.0254986991852801,2.13058390867055,0.0331234363841645,0.0947524868069589"
372,"ENSMUSG00000020804,50.7470521081703,1.53686371556866,0.72586694476443,2.11728020769348,0.0342360736485062,0.0971684995896055"
