name,"name,""name,baseMean,log2FoldChange,lfcSE,stat,pvalue,padj"""
0,"0,""ENSMUSG00000084782,5493.98241874296,1.40450334199194,0.0963041198847514,14.584042133116698,3.5486780450042796e-48,4.1349196580389893e-44"""
1,"1,""ENSMUSG00000033837,6853.27150450299,0.767661386407049,0.0907108320671807,8.462731174580309,2.6118730784366395e-17,1.52167725549719e-13"""
2,"2,""ENSMUSG00000110035,4786.236649065039,0.937854372447664,0.11552090127226901,8.118482128504631,4.7205020655620495e-16,1.8334430022643003e-12"""
3,"3,""ENSMUSG00000085016,34907.2875880169,0.579144879740452,0.0762679578091649,7.59355431004943,3.11247647015266e-14,9.066643957554691e-11"""
4,"4,""ENSMUSG00000070337,18439.1810116048,-0.576997000004485,0.0781245755688232,-7.38560172395669,1.51765453177697e-13,3.53674212085305e-10"""
5,"5,""ENSMUSG00000044860,51697.7114640822,0.531812538388345,0.0731648351018659,7.26869045283726,3.6298911629723e-13,6.63709443443629e-10"""
6,"6,""ENSMUSG00000114738,2328.46431950346,1.06459050623252,0.146718797396866,7.255992586640849,3.98726922769087e-13,6.63709443443629e-10"""
7,"7,""ENSMUSG00000021922,11504.981348437901,0.5779017177868759,0.0829575481106857,6.96623430836954,3.2553680500057597e-12,4.74144356483339e-09"""
8,"8,""ENSMUSG00000115167,2061.13378713393,0.936674762557146,0.136023387868713,6.886130225349199,5.73305132532257e-12,7.422390449184279e-09"""
9,"9,""ENSMUSG00000005615,1836.8431329431,0.929042925327085,0.13687816554792098,6.787371248059469,1.1419508943866301e-11,1.3306011821393e-08"""
10,"10,""ENSMUSG00000054509,1775.0268783971103,0.9013407272707479,0.135516717909525,6.651140473107611,2.90830536580635e-11,3.0806885565796e-08"""
11,"11,""ENSMUSG00000062031,1510.75816369931,0.9983655800583209,0.15062906446332,6.627974379416241,3.40324518770149e-11,3.30455107725815e-08"""
12,"12,""ENSMUSG00000097911,43288.0951321795,-0.476397110562106,0.0742674528386485,-6.414614913441469,1.41179265851406e-10,1.26540061976968e-07"""
13,"13,""ENSMUSG00000030770,1041.90334709468,1.08156202019734,0.169917886565671,6.365204052719481,1.9503027889086198e-10,1.62320914974023e-07"""
14,"14,""ENSMUSG00000066632,1665.30068495271,0.9340410911951509,0.148457048981055,6.291658749827,3.14091373860147e-10,2.43986179214562e-07"""
15,"15,""ENSMUSG00000070392,1324.06209002732,0.9925940685738841,0.158806498264383,6.250336600970839,4.09569026312243e-10,2.9826864341189104e-07"""
16,"16,""ENSMUSG00000024395,1496.79515340759,0.954663023689605,0.15427534333290602,6.1880466642654905,6.09142983053283e-10,4.17513766972756e-07"""
17,"17,""ENSMUSG00000117660,6699.52458530638,0.610576587740866,0.10349824421883098,5.89939078048411,3.6484619127101705e-09,2.36177101149438e-06"""
18,"18,""ENSMUSG00000108308,958.1862975452581,1.02327565095088,0.174276282531933,5.871571484567269,4.316833799921671e-09,2.6473551282467e-06"""
19,"19,""ENSMUSG00000114566,122941.936495451,-0.516849627732905,0.088954455167837,-5.8102725350599504,6.237122353787329e-09,3.6337474833165002e-06"""
20,"20,""ENSMUSG00000112286,1183.66813423807,1.0459738841078299,0.18167810998576603,5.75729175182294,8.54741132585583e-09,4.74259222708915e-06"""
21,"21,""ENSMUSG00000023953,14203.9318286903,0.45897223908331297,0.080081753863019,5.73129604364549,9.9666140094752e-09,5.2549450539228205e-06"""
22,"22,""ENSMUSG00000024033,4702.40814809651,0.621370213060123,0.108545422869761,5.724517871248049,1.0372788898062601e-08,5.2549450539228205e-06"""
23,"23,""ENSMUSG00000088722,2281.44682155975,0.8183795047333678,0.144931613419892,5.6466597274562895,1.63595171638604e-08,7.73654419208259e-06"""
24,"24,""ENSMUSG00000053838,911.0079819883999,1.0712271880962099,0.189793982297984,5.644157813256379,1.65991765192297e-08,7.73654419208259e-06"""
25,"25,""ENSMUSG00000039878,1001.3275746066802,0.9569429869881619,0.17056599176566797,5.61039734288215,2.01862589603599e-08,9.04654959254283e-06"""
26,"26,""ENSMUSG00000084478,896.1184393696241,0.996723786005313,0.178413852726448,5.5865829405832805,2.3158097205563302e-08,9.99400550515645e-06"""
27,"27,""ENSMUSG00000090099,1068.12533524094,0.905762160117234,0.166532377278394,5.43895532460371,5.35938907010884e-08,2.1533655670657998e-05"""
28,"28,""ENSMUSG00000031807,1270.93387307694,0.9475389122737979,0.174086674829128,5.442914646993179,5.2415765896771105e-08,2.1533655670657998e-05"""
29,"29,""ENSMUSG00000032656,10645.9737925707,-0.4653834186785579,0.0858777657857733,-5.41913747313225,5.98872553235482e-08,2.32602099676661e-05"""
30,"30,""ENSMUSG00000102635,2443.8341721010397,0.681261539366799,0.126808505084019,5.37236472360759,7.77107251283953e-08,2.92092054579375e-05"""
31,"31,""ENSMUSG00000110101,3596.94039958399,0.6222968649684331,0.116179493430375,5.356339975276,8.49246460078366e-08,2.99861204631307e-05"""
32,"32,""ENSMUSG00000047454,8504.66025730288,-0.5181979275829911,0.0966503978337236,-5.3615705594351795,8.250148475648989e-08,2.99861204631307e-05"""
33,"33,""ENSMUSG00000116630,810.145305723651,1.010104625499,0.189049908105997,5.34305800843158,9.13915003329065e-08,3.13204047611478e-05"""
34,"34,""ENSMUSG00000045045,479.289961234851,-1.34264843616854,0.251773761876093,-5.332757576340719,9.673241427474579e-08,3.22036026036954e-05"""
35,"35,""ENSMUSG00000041298,7188.485844383579,-0.474932051766892,0.0899401314370308,-5.28053544261721,1.28806903687315e-07,4.16905011601277e-05"""
36,"36,""ENSMUSG00000113239,1020.2118677627199,0.9402183436659459,0.17829771743007802,5.27330555442846,1.3398820514468e-07,4.2195420712048795e-05"""
37,"37,""ENSMUSG00000104401,969.654455458822,0.9113997688700141,0.17322632275501298,5.2613237663595,1.4302193334256801e-07,4.27305530078873e-05"""
38,"38,""ENSMUSG00000089239,903.128426634369,0.942943376881471,0.17915415296976897,5.263307387803559,1.41486726456336e-07,4.27305530078873e-05"""
39,"39,""ENSMUSG00000027472,1445.5626719312302,0.7684364668269751,0.146538115033988,5.24393579546689,1.57186917005148e-07,4.5788548923599605e-05"""
40,"40,""ENSMUSG00000049532,1328.7176855509301,0.9609444848598491,0.18353898268295102,5.23564242763514,1.64411981732741e-07,4.6725083198778003e-05"""
41,"41,""ENSMUSG00000107883,797.3564483122341,1.03558610079116,0.19855421652586702,5.21563389038503,1.83189680833812e-07,5.02208572616654e-05"""
42,"42,""ENSMUSG00000036109,982.105420126062,0.9124998663997391,0.17502709356675503,5.21347779823421,1.85332720756232e-07,5.02208572616654e-05"""
43,"43,""ENSMUSG00000058258,917.760009802948,0.9658475528395991,0.18632094978307698,5.1837839704235,2.1742876521961103e-07,5.75790902804296e-05"""
44,"44,""ENSMUSG00000093132,2313.39454405044,-0.6496882896808349,0.125667571908571,-5.16989609820354,2.3422418332204e-07,6.0648448534853505e-05"""
45,"45,""ENSMUSG00000112546,9651.602880457109,0.442770256038301,0.0862247789793731,5.13506977088595,2.82039371687435e-07,7.14417991065652e-05"""
46,"46,""ENSMUSG00000093465,858.702827276456,0.9514292927906609,0.186416368827447,5.10378621134572,3.3292436801394503e-07,8.081739033538509e-05"""
47,"47,""ENSMUSG00000078813,5951.41397244232,0.544611938943249,0.106635187987455,5.10724413977981,3.2689128124865105e-07,8.081739033538509e-05"""
48,"48,""ENSMUSG00000114369,4449.3793265225895,0.511793519859463,0.10090021233506698,5.07227396271387,3.9308991861335e-07,9.20255602756769e-05"""
49,"49,""ENSMUSG00000091421,4075.9277435471704,0.538992957946569,0.106280818916381,5.07140388493464,3.94891693596279e-07,9.20255602756769e-05"""
50,"50,""ENSMUSG00000054957,9382.09466490558,-0.478428926231245,0.0946503324623154,-5.05469884558228,4.31070427629319e-07,9.84869141713104e-05"""
51,"51,""ENSMUSG00000080516,577.006106462106,1.1467658489081,0.22736760661022,5.04366416133334,4.56700592459212e-07,0.000102336063525668"""
52,"52,""ENSMUSG00000040121,637.107538187768,1.0493428173223,0.209060612970532,5.0193233551372405,5.185380245802789e-07,0.00011400009551715901"""
53,"53,""ENSMUSG00000107569,75717.0743196514,-0.435313683135677,0.0870236511648605,-5.00224568044157,5.66663103765155e-07,0.00012148420495650801"""
54,"54,""ENSMUSG00000051455,1298.6388299145501,0.837664431047407,0.16753433965315198,4.99995662251471,5.73432138054234e-07,0.00012148420495650801"""
55,"55,""ENSMUSG00000065555,619.436852664585,1.05074943276429,0.210681036789375,4.987394446016321,6.11990359916105e-07,0.000127337708459687"""
56,"56,""ENSMUSG00000064918,7379.435008826379,-0.4888634632995871,0.0982524112731987,-4.97558743815724,6.505006226901071e-07,0.000132976022027809"""
57,"57,""ENSMUSG00000098273,6534.20239997286,-0.491634083474626,0.0995351342488258,-4.93930195789559,7.840272448853021e-07,0.000157508369955233"""
58,"58,""ENSMUSG00000114575,1377.9095291213098,0.8125120811739251,0.16536158747699,4.9135479017277,8.94428668595183e-07,0.000176642082143577"""
59,"59,""ENSMUSG00000053332,24990.1080728415,0.377432594806358,0.077011981097207,4.90095942772788,9.53697524372909e-07,0.000185208059233219"""
60,"60,""ENSMUSG00000081910,5113.95055155146,0.5540794776795049,0.113235474409889,4.89316162242455,9.922885154958308e-07,0.000186486222299313"""
61,"61,""ENSMUSG00000040723,11890.820538413502,0.45542023105835,0.0930613631910003,4.89376273291463,9.892609555671541e-07,0.000186486222299313"""
62,"62,""ENSMUSG00000106843,400.76614254166003,1.3429114160273001,0.27483762878417,4.88619925142016,1.02801163791845e-06,0.000187162368828527"""
63,"63,""ENSMUSG00000042770,10597.4531105531,0.41314437700840995,0.0845113892202496,4.88862366150072,1.0154340352386e-06,0.000187162368828527"""
64,"64,""ENSMUSG00000048379,1009.99195619784,0.872821584862984,0.18121626103945299,4.816463930204139,1.4612456440585502e-06,0.000261945142224156"""
65,"65,""ENSMUSG00000089818,2877.60365875035,0.583448570729063,0.122305791693984,4.770408356366981,1.8385281771336498e-06,0.000324583792726686"""
66,"66,""ENSMUSG00000114323,1890.02363087297,0.6282361321344809,0.13276052324445,4.732100452615111,2.22208392310032e-06,0.000386443610029328"""
67,"67,""ENSMUSG00000109866,599.948160376351,1.05141539971009,0.222730575464441,4.7205705705993095,2.35183992955544e-06,0.00040299468910558797"""
68,"68,""ENSMUSG00000051256,6915.876899724971,0.469352168888166,0.100042118107919,4.69154569860127,2.71148689355028e-06,0.000457887612806492"""
69,"69,""ENSMUSG00000052160,1045.85339152083,0.8899438521205608,0.192513121260574,4.62276984702767,3.78649761095925e-06,0.0006302895737556741"""
70,"70,""ENSMUSG00000067973,68094.100227445,0.33222204038581504,0.0722050973607638,4.6010884622994,4.2028887130426905e-06,0.0006897473138644139"""
71,"71,""ENSMUSG00000073233,7633.6690719608705,0.42177050210713,0.0917403919196971,4.59743514586593,4.27723704283092e-06,0.0006921995280981371"""
72,"72,""ENSMUSG00000103320,1550.62504316317,0.7636014351500731,0.167156167876215,4.5681917984357305,4.9194977093626e-06,0.000774621450128285"""
73,"73,""ENSMUSG00000085049,841.463833799418,0.9411773809978621,0.20597983973485398,4.56926941107142,4.8942731381066496e-06,0.000774621450128285"""
74,"74,""ENSMUSG00000085786,9042.49455661694,0.418837769309897,0.0924660615717161,4.52963781727687,5.90848833754403e-06,0.000917942748120841"""
75,"75,""ENSMUSG00000112186,1797.6767091542001,0.679579117615625,0.150186868891343,4.52489037578436,6.0426819000232804e-06,0.0009264385460404119"""
76,"76,""ENSMUSG00000109713,12440.737713749098,0.42244584990714,0.0935310354456173,4.51663822488918,6.2829110615807e-06,0.000938570252429978"""
77,"77,""ENSMUSG00000098520,3847.3618759539,-0.476619901435327,0.10547607360279801,-4.51874899354124,6.22060883241244e-06,0.000938570252429978"""
78,"78,""ENSMUSG00000067599,1451.0481484218399,-0.717038847019613,0.16016166284432598,-4.47696929643246,7.571013285565731e-06,0.00111667654181534"""
79,"79,""ENSMUSG00000022421,635.637032757564,0.930977253676866,0.208324013981752,4.468890724035361,7.86262834002782e-06,0.00114519181772505"""
80,"80,""ENSMUSG00000084876,6942.85899733888,0.433806978383575,0.0973692587329893,4.45527658347674,8.37851081114779e-06,0.0011762217827890901"""
81,"81,""ENSMUSG00000106142,1333.66272383601,-0.6869368948063239,0.15406880544778304,-4.45863711871992,8.248242513004871e-06,0.0011762217827890901"""
82,"82,""ENSMUSG00000040990,327.277817906285,1.25730089478961,0.282101076774471,4.45691632646541,8.31470380329945e-06,0.0011762217827890901"""
83,"83,""ENSMUSG00000098749,1603.85439091675,0.632435797116504,0.142107104005781,4.45041647665113,8.57039212877817e-06,0.0011888358224348"""
84,"84,""ENSMUSG00000018809,589.6959473067201,1.09226072388444,0.245578611113796,4.44770299388291,8.67934241312941e-06,0.0011897846799739302"""
85,"85,""ENSMUSG00000106361,7723.2891262679905,0.41594667837416904,0.0939444245954233,4.42758237293448,9.52951843010231e-06,0.0012911389389250198"""
86,"86,""ENSMUSG00000111008,2724.8632989486605,-0.53271191706488,0.121043751554518,-4.40098650466022,1.07759827453871e-05,0.00144323851665805"""
87,"87,""ENSMUSG00000018698,17213.3525472218,0.356370011634923,0.0810845574732413,4.39504170387227,1.10751489253243e-05,0.0014664504008849802"""
88,"88,""ENSMUSG00000109114,16636.3932984298,0.40886241332791795,0.0931742338031412,4.3881489188498595,1.1431949114332301e-05,0.00149668619191236"""
89,"89,""ENSMUSG00000103132,11189.921605083799,-0.457711009868636,0.10491708291087,-4.3625975596126,1.28527240503734e-05,0.0016639993403883401"""
90,"90,""ENSMUSG00000022668,16754.4725116401,-0.41922556987599396,0.0963900216056428,-4.34926315911783,1.3659571740939698e-05,0.00174902560357614"""
91,"91,""ENSMUSG00000078648,39397.3906730058,0.40185953214683,0.0926645030308751,4.3367149124291196,1.4462801223385998e-05,0.00179277191334993"""
92,"92,""ENSMUSG00000103495,499.013532116234,1.02168383522296,0.23546402671643302,4.3390230323945,1.4311752436780401e-05,0.00179277191334993"""
93,"93,""ENSMUSG00000019899,2677.8702214254104,0.563700898094321,0.129858573840601,4.340883173307089,1.4191116460150302e-05,0.00179277191334993"""
94,"94,""ENSMUSG00000106329,2701.59263954155,0.537195168213944,0.12433226264233399,4.3206417771008505,1.55576059424161e-05,0.0019081813099056102"""
95,"95,""ENSMUSG00000086834,897.538153519341,0.8835554778116651,0.20501670953701398,4.3096754396604195,1.6349431362053e-05,0.00198441223156918"""
96,"96,""ENSMUSG00000106596,2516.12751350287,0.557484080574129,0.129545978517369,4.30336847931859,1.6822072511861403e-05,0.0020001100909001"""
97,"97,""ENSMUSG00000020733,11199.5000387398,0.3733092229257,0.0867125008491515,4.30513731318998,1.66882190688605e-05,0.0020001100909001"""
98,"98,""ENSMUSG00000091905,19780.0655311261,-0.32833568747331393,0.0767720433771765,-4.27676108424287,1.89632127958849e-05,0.00218933266516853"""
99,"99,""ENSMUSG00000060756,519.428850804405,1.04270577981581,0.24381672541968902,4.27659660353885,1.8977222724169397e-05,0.00218933266516853"""
100,"100,""ENSMUSG00000103770,2438.02436206465,0.611136252502952,0.142866851761969,4.27766304755681,1.88865614754813e-05,0.00218933266516853"""
101,"101,""ENSMUSG00000093593,810.3259561492,0.8670321868474751,0.20324986553704102,4.26584383983006,1.99148045118138e-05,0.0022749735507025"""
102,"102,""ENSMUSG00000073421,647.8335295717981,0.888942177694989,0.20975840723366504,4.237933484614681,2.2558657589537e-05,0.00252743729070467"""
103,"103,""ENSMUSG00000050783,7281.03270433062,-0.379932104631098,0.0896362039792147,-4.23860100902084,2.2491698249724498e-05,0.00252743729070467"""
104,"104,""ENSMUSG00000113681,1686.6215357483402,0.582404126839749,0.13761819658125501,4.23202847666932,2.31593077394475e-05,0.0025700214645718302"""
105,"105,""ENSMUSG00000095723,1861.15457268885,0.560289291027825,0.13306972368997802,4.21049413413656,2.5481274013500697e-05,0.0028010170264651897"""
106,"106,""ENSMUSG00000070858,3407.56615817078,0.497909172616184,0.118563074253373,4.19952987683278,2.6746973784061102e-05,0.0028439543974870603"""
107,"107,""ENSMUSG00000093384,1051.70206563536,0.710454523219687,0.16903508913667803,4.2030002578058205,2.63400288592876e-05,0.0028439543974870603"""
108,"108,""ENSMUSG00000110516,9105.981533138729,-0.40243939754866204,0.0957852013046608,-4.20147780729339,2.6517824639021e-05,0.0028439543974870603"""
109,"109,""ENSMUSG00000081176,337.72372255053,1.2083574000434099,0.28793555250949604,4.19662452070261,2.70922535290992e-05,0.0028439543974870603"""
110,"110,""ENSMUSG00000024383,2452.08999358839,0.543095264425962,0.129396291544635,4.1971470584118,2.70298428686081e-05,0.0028439543974870603"""
111,"111,""ENSMUSG00000000085,611.6742392588,0.927246859972762,0.221100354353279,4.19378278558155,2.7434069593437697e-05,0.0028541230259172897"""
112,"112,""ENSMUSG00000104302,32599.698820202204,0.32036408841277897,0.0764707061322257,4.1893700819087005,2.79729877562461e-05,0.00285913380119105"""
113,"113,""ENSMUSG00000025584,574.282870964793,0.953954667060294,0.22768587492654202,4.18978413732545,2.79219948929472e-05,0.00285913380119105"""
114,"114,""ENSMUSG00000110299,1281.7298447921,0.6925540781110379,0.16583998762875402,4.1760379267597,2.96630383906998e-05,0.0030055106376385603"""
115,"115,""ENSMUSG00000112450,15181.3824858742,-0.3730558753639,0.0898418183614676,-4.15236336672256,3.29059223295288e-05,0.00330534316365232"""
116,"116,""ENSMUSG00000086596,16225.5746324452,0.349423429548703,0.084436006153424,4.13832256482839,3.4985428029452896e-05,0.00348418980683064"""
117,"117,""ENSMUSG00000043648,752.782964426788,0.8170633045140241,0.198203872540797,4.12233774264851,3.75046773410108e-05,0.0037034279693004897"""
118,"118,""ENSMUSG00000085106,1013.24097541262,0.7689482362407959,0.18668472609949202,4.11896705374275,3.8057454981150606e-05,0.00372643248269216"""
119,"119,""ENSMUSG00000087350,2254.6234910605,0.55740150042525,0.135469507284481,4.11459015093874,3.87867951570088e-05,0.0037580259603034296"""
120,"120,""ENSMUSG00000052631,480.32343136175905,0.9840940985189721,0.239254033997298,4.11317661849783,3.9025158015509294e-05,0.0037580259603034296"""
121,"121,""ENSMUSG00000112991,3400.46983282388,0.44574997466453203,0.10900882697369801,4.0891181662938605,4.33016233588025e-05,0.00413565996210464"""
122,"122,""ENSMUSG00000107218,723.0736487128779,0.8944051815901941,0.21945307183480497,4.07561021639953,4.5893838356535495e-05,0.0043476016628483894"""
123,"123,""ENSMUSG00000091550,2617.2845602205302,-0.498991980986641,0.12296676001871001,-4.05794200734179,4.950705704663329e-05,0.004652066360543321"""
124,"124,""ENSMUSG00000085884,1448.2756406177698,0.618786977090672,0.152920172499103,4.0464705668200995,5.1995659010774e-05,0.00484682735034831"""
125,"125,""ENSMUSG00000038374,254.48579453518397,1.2887291117591102,0.319104569303236,4.03857931139328,5.3775911193546e-05,0.00497299140656506"""
126,"126,""ENSMUSG00000089695,3393.6849505205296,0.552365317112203,0.137248950973002,4.02455037503971,5.708427432286629e-05,0.00523736979850424"""
127,"127,""ENSMUSG00000038545,6377.330974719301,0.435937946024711,0.10884173932218699,4.0052460456762,6.19529611039961e-05,0.00563965549049815"""
128,"128,""ENSMUSG00000025237,317.058421833973,1.14328872137123,0.285807309971299,4.00020811744123,6.32868020382038e-05,0.00571641718875311"""
129,"129,""ENSMUSG00000034829,8511.04380328377,-0.4422174852793971,0.110696784890099,-3.9948539220758503,6.47341532376458e-05,0.00580217195019269"""
130,"130,""ENSMUSG00000049291,2566.5996635124898,0.482884694814408,0.121091040509494,3.98778219084301,6.66938513629062e-05,0.00593218897771437"""
131,"131,""ENSMUSG00000085655,1782.9953631195604,0.5926094119390171,0.148732281375963,3.98440342914548,6.76498606458917e-05,0.0059716376988328"""
132,"132,""ENSMUSG00000067173,2631.98212092935,-0.501837202104399,0.127175834971857,-3.9460106726679,7.94640731456555e-05,0.0069617697766404295"""
133,"133,""ENSMUSG00000110344,7385.925199820941,0.355133795889121,0.0902705463254403,3.93410486969697,8.350731986069141e-05,0.007261397694155041"""
134,"134,""ENSMUSG00000028141,8291.55339588542,-0.35017958996521503,0.0892229382905943,-3.92477087926312,8.68123247890646e-05,0.00749286821068282"""
135,"135,""ENSMUSG00000089711,3408.83875746743,0.44654830842946497,0.114461325050267,3.9013029792671,9.56763133813131e-05,0.00819720884940485"""
136,"136,""ENSMUSG00000023039,1009.7615157795401,0.691840718221494,0.177476891765416,3.89820168327011,9.6909689949048e-05,0.00824227523566648"""
137,"137,""ENSMUSG00000085199,4540.49779653218,0.40256585792027505,0.10338448916130999,3.8938709393065,9.865715270261371e-05,0.008330095241238079"""
138,"138,""ENSMUSG00000042873,6219.26145543228,0.3555742356048521,0.0924086727483836,3.84784485080781,0.00011916147530648999,0.00998898928252676"""
139,"139,""ENSMUSG00000025759,2168.7547136101502,0.48555739112827,0.12643219059996302,3.8404569977324505,0.00012280548365169,0.0102209249679249"""
140,"140,""ENSMUSG00000082284,270.967617397564,1.24148527124527,0.32436452582989,3.8274384909043904,0.00012948372684221598,0.010624960458912"""
141,"141,""ENSMUSG00000032497,274.919324637995,1.1931649348127,0.311726241066795,3.82760505092363,0.00012939616387068999,0.010624960458912"""
142,"142,""ENSMUSG00000020988,13783.2617931932,0.37291972951040797,0.0976303149728979,3.81971244908849,0.000133607340125809,0.0108866624275939"""
143,"143,""ENSMUSG00000083723,5088.84546163901,0.372634127485964,0.0976152678681935,3.8173754539005,0.000134878835997027,0.0109139458127594"""
144,"144,""ENSMUSG00000036061,587.704154740219,0.9574555642669991,0.25153670774511,3.8064248071387703,0.00014099013129996698,0.0113297724821187"""
145,"145,""ENSMUSG00000117631,1282.3949564919,0.7197033869828321,0.189506892660705,3.79776891952631,0.000146004338847124,0.0116523462756623"""
146,"146,""ENSMUSG00000077639,6636.15654311946,-0.43968423020974895,0.11587468049786,-3.79448062614394,0.00014795283334931598,0.0117275266271172"""
147,"147,""ENSMUSG00000096372,236.047102237814,1.2455180006982,0.330741735316344,3.7658325747940404,0.000165995003124701,0.0130687417324934"""
148,"148,""ENSMUSG00000101496,1545.78904083424,-0.67507586731462,0.179550462352207,-3.7598113559317405,0.000170041529955131,0.0132935962718647"""
149,"149,""ENSMUSG00000032329,3074.0288214237,0.458292059371418,0.12194421910291,3.7582106207483306,0.000171132804735642,0.0132935962718647"""
150,"150,""ENSMUSG00000016503,2067.32366879634,-0.55616641598502,0.148303878195895,-3.7501812005912405,0.00017670683271401298,0.0135832527116185"""
151,"151,""ENSMUSG00000037393,1516.3445376452403,0.5456198042889571,0.14551832660356698,3.7494920194854804,0.000177193135269998,0.0135832527116185"""
152,"152,""ENSMUSG00000115976,18927.917908698,-0.297813052517237,0.0797251026575553,-3.7354991412985497,0.00018734321892664298,0.0139949842024261"""
153,"153,""ENSMUSG00000106995,20431.6945996082,0.287807797289542,0.0769580470428318,3.7398012079147405,0.000184165845051981,0.0139949842024261"""
154,"154,""ENSMUSG00000021396,1486.1973387731,-0.579738286484583,0.15511229712432198,-3.73753917150698,0.000185830145314606,0.0139949842024261"""
155,"155,""ENSMUSG00000005204,11222.4264860353,0.308448411482361,0.0825729578134707,3.73546521343144,0.00018736848056801202,0.0139949842024261"""
156,"156,""ENSMUSG00000022900,837.0473052870759,0.6991261197779761,0.18761987106855604,3.72629037530101,0.00019431853459011698,0.0143303769939497"""
157,"157,""ENSMUSG00000019261,4792.94482047625,0.384910122142495,0.103289539144981,3.72651601826029,0.00019414473940914398,0.0143303769939497"""
158,"158,""ENSMUSG00000064542,9761.44337460802,0.375429010691012,0.101194452618775,3.7099761990446902,0.000207278733105218,0.0149869471680925"""
159,"159,""ENSMUSG00000113510,6923.27557872833,0.340055510300975,0.0916925084257982,3.7086509698462797,0.00020836641273867,0.0149869471680925"""
160,"160,""ENSMUSG00000066456,302.348069765322,1.09090385337526,0.293870142942147,3.71219696718229,0.00020546798897728402,0.0149869471680925"""
161,"161,""ENSMUSG00000039153,20820.7185389196,0.29660887753990806,0.079936048951462,3.71057716050004,0.00020678725450617901,0.0149869471680925"""
162,"162,""ENSMUSG00000116999,1090.1235114889698,-0.7096265213039541,0.19150960829135802,-3.7054356052169704,0.000211027740652069,0.0150627350772702"""
163,"163,""ENSMUSG00000080485,296.865830261374,1.09351527152555,0.295204480232788,3.70426380610228,0.000212005540050834,0.0150627350772702"""
164,"164,""ENSMUSG00000117804,599.4286280239701,0.9029271217875742,0.24500531692074304,3.6853368454843096,0.000228400359954044,0.0161292181465729"""
165,"165,""ENSMUSG00000082392,3148.3735606158803,-0.46570495025705605,0.12699604327763,-3.66708236129029,0.000245333792234761,0.0170345740648902"""
166,"166,""ENSMUSG00000110197,1421.75962627703,-0.543880382422222,0.148278746741426,-3.6679591268103997,0.000244494255937919,0.0170345740648902"""
167,"167,""ENSMUSG00000028248,415.50110314415605,0.9663932297595892,0.26355234771839997,3.66679803130481,0.00024560662915392703,0.0170345740648902"""
168,"168,""ENSMUSG00000037306,221.58328433614702,1.24552775109119,0.34154195795267406,3.64677815445379,0.000265548998269111,0.018308739217939"""
169,"169,""ENSMUSG00000088293,1162.88776657183,0.581276866417703,0.159805287543281,3.6374069679032,0.000275396614446508,0.018786020776522"""
170,"170,""ENSMUSG00000020328,506.95347469257894,0.9594945044226271,0.263805606893742,3.6371270335019905,0.000275695979470071,0.018786020776522"""
171,"171,""ENSMUSG00000095971,1500.6527595781602,0.533461337151845,0.146783975746305,3.6343295270449305,0.000278704463525951,0.0188046517594326"""
172,"172,""ENSMUSG00000105021,376.65710872144206,0.961700230141605,0.26464874596165,3.6338741249163697,0.000279197112459821,0.0188046517594326"""
173,"173,""ENSMUSG00000104370,473.62249903142896,0.8614423034537679,0.237266731894756,3.6306914862209796,0.00028266290215838303,0.0189286674479855"""
174,"174,""ENSMUSG00000022957,5287.6644191936,-0.357413640391951,0.0985248874996688,-3.62764829742285,0.000286014500950352,0.0190436626575628"""
175,"175,""ENSMUSG00000025533,994.83072592116,0.6408625384876999,0.176806617635802,3.6246524426353197,0.000289350308561386,0.0190480779398716"""
176,"176,""ENSMUSG00000001313,3856.5277061923903,0.419655227080516,0.11575902288084801,3.6252485260908998,0.000288683694151627,0.0190480779398716"""
177,"177,""ENSMUSG00000086220,794.931180195814,0.6802951186452421,0.18833474452709198,3.61215940454037,0.00030365780160615,0.0197743917464148"""
178,"178,""ENSMUSG00000079037,7046.79391036533,-0.41802046017205396,0.115729192349503,-3.61205718009014,0.00030377755944114703,0.0197743917464148"""
179,"179,""ENSMUSG00000110261,717.881015625764,0.7182584442390259,0.199372283501617,3.60259927620882,0.00031505101625594104,0.0203943024523012"""
180,"180,""ENSMUSG00000093677,487.824656657683,0.8407282505998871,0.233593053560692,3.59911494706092,0.000319302038741982,0.020536209204796"""
181,"181,""ENSMUSG00000033256,21309.3446505022,0.31619631695274897,0.0878830053467096,3.5979233494043,0.000320768114939312,0.020536209204796"""
182,"182,""ENSMUSG00000026458,15234.4676865057,0.32842493580046994,0.0915825264549895,3.58610914672553,0.00033564851935311,0.0212555521255736"""
183,"183,""ENSMUSG00000024608,1454.03735113799,-0.540355926312447,0.15068040514006698,-3.58610614173856,0.00033565238509316404,0.0212555521255736"""
184,"184,""ENSMUSG00000091193,3240.90971696632,-0.42016271578631104,0.117333725746757,-3.58092026066873,0.000342386144000188,0.0214488352144634"""
185,"185,""ENSMUSG00000029641,27654.4330436173,-0.268887547110892,0.0750837380616243,-3.5811688929259904,0.000342060436821566,0.0214488352144634"""
186,"186,""ENSMUSG00000112609,14320.587447023701,-0.29781970293811405,0.0834734916463602,-3.56783569327425,0.000359942085570017,0.0224280490965874"""
187,"187,""ENSMUSG00000109353,2024.7787212293301,-0.495757502150517,0.139085914741729,-3.5643976104345,0.00036469277481595403,0.0224835990061137"""
188,"188,""ENSMUSG00000087149,1465.65830877323,-0.535147565456531,0.15011416135260502,-3.56493724932131,0.000363943251584284,0.0224835990061137"""
189,"189,""ENSMUSG00000027425,868.875745605796,0.7679544042815509,0.215603038236119,3.56189045648104,0.000368194015947921,0.0225799824938167"""
190,"190,""ENSMUSG00000064648,1214.2370842825699,0.5592276779584979,0.15730747965632097,3.55499737952878,0.00037798285656372003,0.0230589332182224"""
191,"191,""ENSMUSG00000093437,841.005407577158,0.716050882022874,0.201510525729465,3.5534167728002406,0.000380261499234433,0.0230771197347896"""
192,"192,""ENSMUSG00000065270,871.6750008187781,0.6895375607259611,0.19478449627930605,3.5400022789145296,0.000400123576887897,0.0237869383566213"""
193,"193,""ENSMUSG00000055015,2279.4612231135998,0.543271470823676,0.15335685432106302,3.54253139338852,0.000396306248393771,0.0237869383566213"""
194,"194,""ENSMUSG00000022831,55229.6828333927,0.255203716660665,0.07206285235888099,3.5414045976104505,0.000398002759593239,0.0237869383566213"""
195,"195,""ENSMUSG00000027168,755.761953117021,0.7338218814721149,0.20725495950289302,3.54067223883187,0.00039910903943672003,0.0237869383566213"""
196,"196,""ENSMUSG00000085511,5648.9638796421805,0.34819183264685993,0.0984133214595748,3.53805590018508,0.000403084712600541,0.0238413353869112"""
197,"197,""ENSMUSG00000056316,786.467155471497,0.669725943337682,0.18940956112057297,3.53586133337457,0.000406447979462233,0.0239188477610805"""
198,"198,""ENSMUSG00000093458,577.2654589353369,0.844982433996218,0.239550180906232,3.52737130399819,0.00041970774006714197,0.0245750481771977"""
199,"199,""ENSMUSG00000003813,597.9586605551999,0.815003973597253,0.23126961120382397,3.5240426502856295,0.000425015831229367,0.0246382311715651"""
200,"200,""ENSMUSG00000073394,7431.2355149723,0.32438660309404804,0.0920291704983949,3.5248237198846204,0.000423764686944176,0.0246382311715651"""
201,"201,""ENSMUSG00000035032,571.462626615431,-0.8079505076621399,0.229595433655934,-3.5190181912455296,0.000433147006405669,0.02498529167643"""
202,"202,""ENSMUSG00000113369,8951.33385184018,-0.31370351860324297,0.0894594088787274,-3.50665762869621,0.00045377258508377404,0.0260460993172223"""
203,"203,""ENSMUSG00000000632,2567.2046899175198,-0.42774328264975897,0.122234620220017,-3.49936279819776,0.000466371549052187,0.0266380455370396"""
204,"204,""ENSMUSG00000092845,5261.08173996534,0.40131624609160205,0.114870051620515,3.49365426784514,0.00047645761454296,0.0269499229352164"""
205,"205,""ENSMUSG00000077460,2150.93300153086,0.480365550200026,0.13748673543065398,3.49390469338997,0.00047601091863123094,0.0269499229352164"""
206,"206,""ENSMUSG00000110946,8586.473999087759,-0.363895767863795,0.104280325571986,-3.4895917889380894,0.000483758891741129,0.0270347843749751"""
207,"207,""ENSMUSG00000026751,8761.34401988374,-0.326048519948727,0.0934517106129983,-3.4889518641232504,0.000484918463299846,0.0270347843749751"""
208,"208,""ENSMUSG00000022018,479.584736849468,0.844361165623555,0.241878075117932,3.49085449440538,0.00048147839680843797,0.0270347843749751"""
209,"209,""ENSMUSG00000103382,282.405304572247,1.06226525578301,0.30600835253512,3.4713603304703597,0.000517828632600875,0.0283985939934221"""
210,"210,""ENSMUSG00000084641,493.39807957592103,-0.809082341409063,0.23289232397365897,-3.47406186517583,0.0005126428222032059,0.0283985939934221"""
211,"211,""ENSMUSG00000018572,230.818974773764,1.15519573487129,0.33281770027921603,3.47095642419902,0.000518608151248378,0.0283985939934221"""
212,"212,""ENSMUSG00000028871,10957.5179071678,-0.326389204987187,0.0940416860445451,-3.47068644465375,0.0005191298078097241,0.0283985939934221"""
213,"213,""ENSMUSG00000040938,5314.09794171506,0.333610620889067,0.0962882252610521,3.46470837929142,0.0005308067327848639,0.0289016824785478"""
214,"214,""ENSMUSG00000043017,5910.378609676999,0.337397918931003,0.09772209135266499,3.4526268754664904,0.000555156332022473,0.0300868910731435"""
215,"215,""ENSMUSG00000109712,13635.1552887906,-0.30208214577020803,0.0876321034054762,-3.44716301481964,0.000566506647499633,0.0305598863734524"""
216,"216,""ENSMUSG00000044294,7127.28863376938,0.34787758221122494,0.100966963367727,3.44545949098456,0.000570089407902196,0.0306114367782322"""
217,"217,""ENSMUSG00000066037,1505.98922516194,0.499407545362271,0.14534171810018803,3.4360922100701803,0.000590170068461559,0.0315443194390554"""
218,"218,""ENSMUSG00000105324,11980.020368368601,-0.283396961037505,0.0826989206495817,-3.42685199288557,0.000610621793998349,0.032488425313556"""
219,"219,""ENSMUSG00000022772,8058.47807028332,0.31505312877256,0.0920662051282891,3.42202796708686,0.0006215591987858769,0.0329200353829684"""
220,"220,""ENSMUSG00000116562,540.395602333718,0.797349823529334,0.23321291059585103,3.4189780552548794,0.000628567955534444,0.032962669498543"""
221,"221,""ENSMUSG00000117412,7423.35009413408,0.30728450370034305,0.0899020699019584,3.41799142150396,0.000630850952469541,0.032962669498543"""
222,"222,""ENSMUSG00000109822,754.513030873872,0.682407480895633,0.19956777317055102,3.41942724546236,0.0006275311112297741,0.032962669498543"""
223,"223,""ENSMUSG00000088015,6978.54084710986,-0.30730631999753,0.0902173490672853,-3.4062885151761297,0.000658525476831683,0.0342550841787624"""
224,"224,""ENSMUSG00000103864,469.33751948939204,0.8719897752977959,0.256331160121073,3.40180949864202,0.0006694128256296889,0.0346666588632762"""
225,"225,""ENSMUSG00000030603,28216.769965735803,0.252579826771457,0.074374585569428,3.3960502077107595,0.000683658179399054,0.0352477217095477"""
226,"226,""ENSMUSG00000104706,9906.929607407399,0.288623054611453,0.0850768724137739,3.39249723717776,0.000692586304629586,0.0355507296103257"""
227,"227,""ENSMUSG00000093672,330.517384347764,0.9653577417820189,0.28514395368518397,3.38551012324053,0.000710460889589109,0.0363082907258434"""
228,"228,""ENSMUSG00000059970,7646.46648474989,-0.318561592989492,0.0942167646017259,-3.38115614918554,0.000721815111243946,0.0367274658349977"""
229,"229,""ENSMUSG00000115306,9273.88334256108,0.299489165348383,0.0887143282514791,3.3758826928094305,0.000735792840017697,0.0371977581192769"""
230,"230,""ENSMUSG00000017485,12448.41164146,0.27663640910743,0.0819598740732664,3.3752663999963795,0.0007374426815613589,0.0371977581192769"""
231,"231,""ENSMUSG00000019082,2534.15216179701,0.40108753645458006,0.119102471024842,3.36758366978736,0.000758300127794588,0.0380849702114765"""
232,"232,""ENSMUSG00000080465,5722.893505211271,-0.3427397871614651,0.10232861513301499,-3.34940316270228,0.000809858595420182,0.0404998813469354"""
233,"233,""ENSMUSG00000087344,800.138556283056,0.655207981826327,0.196044765765466,3.3421345337532298,0.0008313675525270299,0.0412538764920643"""
234,"234,""ENSMUSG00000028975,536.8919404635691,0.8002930204214109,0.23947118502470802,3.3419178192100096,0.000832016904877714,0.0412538764920643"""
235,"235,""ENSMUSG00000104017,413.01608735562104,0.8726619356399019,0.262280117631841,3.3272134522405805,0.00087719153381819,0.0429024785765091"""
236,"236,""ENSMUSG00000112684,345.981388949133,0.9168747234902359,0.27559152738303,3.3269336405103602,0.000878072810607274,0.0429024785765091"""
237,"237,""ENSMUSG00000075394,3762.61575821886,-0.360370370064347,0.108338910215731,-3.32632448809718,0.0008799941966860349,0.0429024785765091"""
238,"238,""ENSMUSG00000023236,1266.08147426571,0.512905527754141,0.154138619588431,3.3275601476363503,0.000876100742064563,0.0429024785765091"""
239,"239,""ENSMUSG00000022429,5905.32683270658,-0.310390256974855,0.0936188697997489,-3.31546682457053,0.000914901998486106,0.0442341829309548"""
240,"240,""ENSMUSG00000103266,3857.1961230652796,0.346963968939851,0.10462919749338699,3.31612950545455,0.000912735215337334,0.0442341829309548"""
241,"241,""ENSMUSG00000103108,5593.51619519202,-0.313716242389233,0.0949934663557168,-3.3025033660154803,0.0009582593784613231,0.0461390011480633"""
242,"242,""ENSMUSG00000046240,2397.36017557385,0.3990282556428871,0.12120684226757901,3.2921264854172403,0.000994328807722519,0.0476786801135094"""
243,"243,""ENSMUSG00000065298,356.209184208882,0.8878852431442041,0.269859014446047,3.29018189355953,0.0010012263809196901,0.0478126630757223"""
244,"244,""ENSMUSG00000110486,487.03490829513703,0.8340123150709109,0.254142855242829,3.28166736882698,0.00103195261061208,0.0487311068833651"""
245,"245,""ENSMUSG00000115153,3163.7041879578005,-0.369498615115445,0.11257786869100801,-3.2821603341026604,0.00103015012209624,0.0487311068833651"""
246,"246,""ENSMUSG00000012483,345.72609234622,0.9092162752140699,0.27708353113235196,3.28137970343598,0.0010330057844311,0.0487311068833651"""
247,"247,""ENSMUSG00000026826,933.054685199806,-0.672081567911343,0.20526550757971598,-3.27420605554167,0.0010595931476508,0.0497837877275285"""
248,"248,""ENSMUSG00000083177,838.251216188021,0.6410910029949771,0.19639833398653,3.2642384992886297,0.00109758730236295,0.0511563489885326"""
249,"249,""ENSMUSG00000018931,892.0621039166749,-0.580946488740384,0.17797126321621,-3.26427131123195,0.00109746018936249,0.0511563489885326"""
250,"250,""ENSMUSG00000114642,1637.54378171064,0.453600921932011,0.13908448546692598,3.26133371676367,0.00110889449736962,0.0514774449535889"""
251,"251,""ENSMUSG00000118183,698.4357053372121,0.681060158793713,0.20891206860319603,3.26003262208516,0.00111399400101511,0.0515089607136033"""
252,"252,""ENSMUSG00000040648,4146.24279133369,0.35043811801927,0.10833516944457701,3.23475857208632,0.0012174562770049901,0.0560703578642772"""
253,"253,""ENSMUSG00000098141,3681.4330980760296,0.344679069670049,0.106594612484282,3.2335505673035096,0.0012226168967089997,0.0560863467734382"""
254,"254,""ENSMUSG00000035239,3721.2342983544395,-0.35448147573712396,0.10988576718478801,-3.22590891267124,0.0012557331411712901,0.0573796178859917"""
255,"255,""ENSMUSG00000112650,2975.13094179439,0.384830717271622,0.11934831358528301,3.2244336405862404,0.00126222106342935,0.0574507805901513"""
256,"256,""ENSMUSG00000031812,9616.35259577051,0.294305632126137,0.091369967419136,3.22103247313296,0.00127729674590752,0.0579107458494723"""
257,"257,""ENSMUSG00000087690,4091.2328849890296,0.336864406272967,0.104775849627494,3.2150959163835,0.00130400942640493,0.0587219893519318"""
258,"258,""ENSMUSG00000106732,1399.16301028504,-0.4890691958211721,0.152133940141991,-3.21472772850496,0.00130568301977675,0.0587219893519318"""
259,"259,""ENSMUSG00000024678,1913.1559044962,-0.42364142654931297,0.131823069845426,-3.21371234220284,0.00131030872223672,0.0587219893519318"""
260,"260,""ENSMUSG00000104649,11950.3729181183,0.261615388085959,0.0817607577112414,3.19976716715272,0.0013753864775938199,0.0614023112525791"""
261,"261,""ENSMUSG00000116903,2400.61313614498,-0.410591651578511,0.128694795141928,-3.19042934973166,0.0014206157042646,0.0629392174376087"""
262,"262,""ENSMUSG00000079563,228.311747312348,1.0896819474747201,0.34147339891294604,3.19111811035247,0.00141723330901774,0.0629392174376087"""
263,"263,""ENSMUSG00000031149,1984.4603276346104,0.45439593860521504,0.142485179940949,3.18907509393984,0.00142728795391105,0.0629953001476197"""
264,"264,""ENSMUSG00000110915,20006.9449011294,-0.270987387309015,0.0853150215491938,-3.1763150543513596,0.0014915886382340599,0.0655848709913331"""
265,"265,""ENSMUSG00000117584,10477.2176995606,-0.315350907614625,0.099596578511765,-3.16628254029202,0.00154400742762973,0.0676344907772241"""
266,"266,""ENSMUSG00000108940,585.288451820245,0.6908795361892329,0.218382558513874,3.16362048732634,0.00155819838792719,0.0679083521186276"""
267,"267,""ENSMUSG00000114164,355.015052654243,0.9778699601876999,0.30916615792540303,3.1629269087842595,0.00156191541089875,0.0679083521186276"""
268,"268,""ENSMUSG00000056215,264.084660717784,-1.0436074119868,0.330794793648438,-3.15484835923967,0.00160581544706564,0.0695574780267988"""
269,"269,""ENSMUSG00000093410,319.05170098773,0.916126748692226,0.29081478474675604,3.15020692462386,0.0016315486007191802,0.0701939990660609"""
270,"270,""ENSMUSG00000116414,693.752949696393,0.6276614073957769,0.19925593764479,3.15002611623397,0.0016325586806473099,0.0701939990660609"""
271,"271,""ENSMUSG00000117167,34854.3360219354,0.23384589616969,0.0743569460670261,3.14490990470344,0.00166137985770709,0.071170581257364"""
272,"272,""ENSMUSG00000031729,3336.9861168567104,0.341572333724583,0.109028334265447,3.1328767519548704,0.00173102112004528,0.0736126207692247"""
273,"273,""ENSMUSG00000045055,17570.8877458268,0.257598898503347,0.0822179170472985,3.13312362748322,0.00172956576796461,0.0736126207692247"""
274,"274,""ENSMUSG00000112309,9181.27203561163,0.2864410482063,0.0914640982898946,3.1317320518311806,0.00173778395163348,0.0736314858343031"""
275,"275,""ENSMUSG00000022193,4005.79700001736,0.36815245490503995,0.11780844074943302,3.12500914673902,0.0017779953113959898,0.0750623237985004"""
276,"276,""ENSMUSG00000063457,3095.77532727875,0.356131293577027,0.114012346456974,3.1236204204552798,0.0017864074874058102,0.0751451987121027"""
277,"277,""ENSMUSG00000103436,191.689350633278,1.1361946778508,0.364701632059882,3.11540881085019,0.00183690134502924,0.0764413374010025"""
278,"278,""ENSMUSG00000110706,2327.8636847726398,-0.405035350615062,0.129924310740965,-3.1174716133195095,0.0018240951229404102,0.0764413374010025"""
279,"279,""ENSMUSG00000117799,670.38864173074,-0.633962817634229,0.20344762177495498,-3.1160984439301602,0.00183261082401285,0.0764413374010025"""
280,"280,""ENSMUSG00000028962,3375.9892307898103,0.351770873634388,0.113242916997096,3.1063388595280297,0.0018941951531815898,0.0785450602308607"""
281,"281,""ENSMUSG00000093256,9695.35690058367,-0.262896444863319,0.0849040822799663,-3.0963934572242797,0.00195890243776557,0.0809401815774625"""
282,"282,""ENSMUSG00000112336,641.595844215704,0.663043799009288,0.214707685566131,3.08812326517798,0.00201424903451227,0.0829329673149718"""
283,"283,""ENSMUSG00000110258,4919.920989906121,0.301767137469268,0.0977641198485816,3.0866859737156003,0.00202401292983919,0.0830415445721347"""
284,"284,""ENSMUSG00000113385,824.2817802799519,0.6298442479127061,0.204265543533751,3.0834581154341203,0.0020460991018215803,0.0833606529175703"""
285,"285,""ENSMUSG00000039683,154.538811726475,1.25005946295533,0.40534889065615104,3.0839099150655604,0.00204299447365519,0.0833606529175703"""
286,"286,""ENSMUSG00000026239,557.127374660095,0.688722004553166,0.223453290407345,3.0821743698544704,0.00205494424536511,0.0834293043449276"""
287,"287,""ENSMUSG00000082400,28222.7698258865,0.229564537769111,0.0745854985762815,3.0778709286809396,0.00208485193693714,0.0843496346152485"""
288,"288,""ENSMUSG00000106273,255.2169963141,1.05522950613048,0.343138118171878,3.07523253829211,0.00210338488505249,0.0848049850540885"""
289,"289,""ENSMUSG00000113634,14386.4524374419,0.249546834196279,0.0812426485824125,3.0716235690314595,0.00212898023564712,0.0855409576060697"""
290,"290,""ENSMUSG00000106169,9353.912978590692,-0.299159232486978,0.0975262148472125,-3.06747506765899,0.00215875468468245,0.0864392081990375"""
291,"291,""ENSMUSG00000028293,301935.019200332,0.24272621909765302,0.0796446943682335,3.0476131652338303,0.0023066665484902,0.0920454747363281"""
292,"292,""ENSMUSG00000030123,4982.86727723655,-0.31025648348497603,0.10185811572841,-3.04596723850882,0.0023193310532349898,0.0922349673457138"""
293,"293,""ENSMUSG00000108282,5240.883361201129,-0.32139806245398,0.10567871468498699,-3.0412752786786004,0.00235578343110584,0.0927350964163692"""
294,"294,""ENSMUSG00000082655,1718.3233196990802,0.42552453832164505,0.139874382576539,3.04219064623073,0.00234863090991285,0.0927350964163692"""
295,"295,""ENSMUSG00000036123,6507.54677877037,0.278812091720251,0.0916694091842068,3.04149545853391,0.00235406116501162,0.0927350964163692"""
296,"296,""ENSMUSG00000053769,4270.539415276679,-0.348560857442388,0.11466270659591801,-3.0398799033302795,0.0023667250306591697,0.0928521214048505"""
297,"297,""ENSMUSG00000039672,4653.72854727723,0.302588012449357,0.100052664816893,3.0242873890778,0.00249219572891383,0.0973764456214473"""
298,"298,""ENSMUSG00000029491,269.468414340737,0.9334804687146379,0.30884576083968396,3.02248107980083,0.00250711754947084,0.0973764456214473"""
299,"299,""ENSMUSG00000033565,2976.75666505217,-0.345586481932912,0.11431743285723699,-3.02304270919459,0.00250246922786466,0.0973764456214473"""
300,"300,""ENSMUSG00000082755,439.084505866894,-0.755664674959157,0.250193910229546,-3.0203160191463305,0.0025251106664301603,0.0977494667283862"""
301,"301,""ENSMUSG00000057722,2284.03671498123,0.432696928866738,0.14348734060017904,3.01557563933412,0.00256491955687576,0.0989617307176039"""
